fecha,Daily_pixels,radiancia_diaria
2013-04-11,5,13.328
2013-04-12,0,0.0
2013-04-13,0,0.0
2013-04-14,0,0.0
2013-04-15,0,0.0
2013-04-16,0,0.0
2013-04-17,0,0.0
2013-04-18,0,0.0
2013-04-19,0,0.0
2013-04-20,0,0.0
2013-04-21,0,0.0
2013-04-22,0,0.0
2013-04-23,0,0.0
2013-04-24,0,0.0
2013-04-25,0,0.0
2013-04-26,0,0.0
2013-04-27,0,0.0
2013-04-28,0,0.0
2013-04-29,0,0.0
2013-04-30,0,0.0
2013-05-01,0,0.0
2013-05-02,0,0.0
2013-05-03,0,0.0
2013-05-04,0,0.0
2013-05-05,0,0.0
2013-05-06,0,0.0
2013-05-07,0,0.0
2013-05-08,0,0.0
2013-05-09,0,0.0
2013-05-10,0,0.0
2013-05-11,0,0.0
2013-05-12,0,0.0
2013-05-13,0,0.0
2013-05-14,0,0.0
2013-05-15,0,0.0
2013-05-16,0,0.0
2013-05-17,0,0.0
2013-05-18,0,0.0
2013-05-19,0,0.0
2013-05-20,0,0.0
2013-05-21,0,0.0
2013-05-22,0,0.0
2013-05-23,0,0.0
2013-05-24,0,0.0
2013-05-25,0,0.0
2013-05-26,0,0.0
2013-05-27,0,0.0
2013-05-28,0,0.0
2013-05-29,0,0.0
2013-05-30,0,0.0
2013-05-31,0,0.0
2013-06-01,0,0.0
2013-06-02,0,0.0
2013-06-03,0,0.0
2013-06-04,0,0.0
2013-06-05,0,0.0
2013-06-06,0,0.0
2013-06-07,0,0.0
2013-06-08,0,0.0
2013-06-09,0,0.0
2013-06-10,0,0.0
2013-06-11,0,0.0
2013-06-12,0,0.0
2013-06-13,0,0.0
2013-06-14,0,0.0
2013-06-15,0,0.0
2013-06-16,0,0.0
2013-06-17,0,0.0
2013-06-18,0,0.0
2013-06-19,0,0.0
2013-06-20,0,0.0
2013-06-21,0,0.0
2013-06-22,0,0.0
2013-06-23,0,0.0
2013-06-24,0,0.0
2013-06-25,0,0.0
2013-06-26,0,0.0
2013-06-27,0,0.0
2013-06-28,0,0.0
2013-06-29,0,0.0
2013-06-30,0,0.0
2013-07-01,0,0.0
2013-07-02,0,0.0
2013-07-03,0,0.0
2013-07-04,0,0.0
2013-07-05,0,0.0
2013-07-06,0,0.0
2013-07-07,0,0.0
2013-07-08,0,0.0
2013-07-09,0,0.0
2013-07-10,0,0.0
2013-07-11,0,0.0
2013-07-12,0,0.0
2013-07-13,0,0.0
2013-07-14,0,0.0
2013-07-15,0,0.0
2013-07-16,0,0.0
2013-07-17,0,0.0
2013-07-18,0,0.0
2013-07-19,0,0.0
2013-07-20,0,0.0
2013-07-21,0,0.0
2013-07-22,0,0.0
2013-07-23,0,0.0
2013-07-24,0,0.0
2013-07-25,0,0.0
2013-07-26,0,0.0
2013-07-27,0,0.0
2013-07-28,0,0.0
2013-07-29,0,0.0
2013-07-30,0,0.0
2013-07-31,0,0.0
2013-08-01,0,0.0
2013-08-02,0,0.0
2013-08-03,0,0.0
2013-08-04,0,0.0
2013-08-05,0,0.0
2013-08-06,0,0.0
2013-08-07,0,0.0
2013-08-08,0,0.0
2013-08-09,0,0.0
2013-08-10,0,0.0
2013-08-11,0,0.0
2013-08-12,0,0.0
2013-08-13,0,0.0
2013-08-14,0,0.0
2013-08-15,0,0.0
2013-08-16,0,0.0
2013-08-17,0,0.0
2013-08-18,0,0.0
2013-08-19,0,0.0
2013-08-20,0,0.0
2013-08-21,0,0.0
2013-08-22,0,0.0
2013-08-23,0,0.0
2013-08-24,0,0.0
2013-08-25,0,0.0
2013-08-26,0,0.0
2013-08-27,0,0.0
2013-08-28,0,0.0
2013-08-29,0,0.0
2013-08-30,0,0.0
2013-08-31,0,0.0
2013-09-01,0,0.0
2013-09-02,0,0.0
2013-09-03,0,0.0
2013-09-04,0,0.0
2013-09-05,0,0.0
2013-09-06,0,0.0
2013-09-07,0,0.0
2013-09-08,0,0.0
2013-09-09,0,0.0
2013-09-10,0,0.0
2013-09-11,0,0.0
2013-09-12,0,0.0
2013-09-13,0,0.0
2013-09-14,0,0.0
2013-09-15,0,0.0
2013-09-16,0,0.0
2013-09-17,0,0.0
2013-09-18,0,0.0
2013-09-19,0,0.0
2013-09-20,0,0.0
2013-09-21,0,0.0
2013-09-22,0,0.0
2013-09-23,0,0.0
2013-09-24,0,0.0
2013-09-25,0,0.0
2013-09-26,0,0.0
2013-09-27,0,0.0
2013-09-28,0,0.0
2013-09-29,0,0.0
2013-09-30,0,0.0
2013-10-01,0,0.0
2013-10-02,0,0.0
2013-10-03,0,0.0
2013-10-04,0,0.0
2013-10-05,0,0.0
2013-10-06,0,0.0
2013-10-07,0,0.0
2013-10-08,0,0.0
2013-10-09,0,0.0
2013-10-10,0,0.0
2013-10-11,0,0.0
2013-10-12,0,0.0
2013-10-13,0,0.0
2013-10-14,0,0.0
2013-10-15,0,0.0
2013-10-16,0,0.0
2013-10-17,0,0.0
2013-10-18,0,0.0
2013-10-19,0,0.0
2013-10-20,0,0.0
2013-10-21,0,0.0
2013-10-22,0,0.0
2013-10-23,0,0.0
2013-10-24,0,0.0
2013-10-25,0,0.0
2013-10-26,0,0.0
2013-10-27,0,0.0
2013-10-28,0,0.0
2013-10-29,0,0.0
2013-10-30,0,0.0
2013-10-31,0,0.0
2013-11-01,0,0.0
2013-11-02,0,0.0
2013-11-03,0,0.0
2013-11-04,0,0.0
2013-11-05,0,0.0
2013-11-06,0,0.0
2013-11-07,0,0.0
2013-11-08,0,0.0
2013-11-09,0,0.0
2013-11-10,0,0.0
2013-11-11,0,0.0
2013-11-12,0,0.0
2013-11-13,0,0.0
2013-11-14,0,0.0
2013-11-15,0,0.0
2013-11-16,0,0.0
2013-11-17,0,0.0
2013-11-18,0,0.0
2013-11-19,0,0.0
2013-11-20,0,0.0
2013-11-21,0,0.0
2013-11-22,0,0.0
2013-11-23,0,0.0
2013-11-24,0,0.0
2013-11-25,0,0.0
2013-11-26,0,0.0
2013-11-27,0,0.0
2013-11-28,0,0.0
2013-11-29,0,0.0
2013-11-30,0,0.0
2013-12-01,0,0.0
2013-12-02,0,0.0
2013-12-03,0,0.0
2013-12-04,0,0.0
2013-12-05,0,0.0
2013-12-06,0,0.0
2013-12-07,0,0.0
2013-12-08,0,0.0
2013-12-09,0,0.0
2013-12-10,0,0.0
2013-12-11,0,0.0
2013-12-12,0,0.0
2013-12-13,0,0.0
2013-12-14,0,0.0
2013-12-15,0,0.0
2013-12-16,0,0.0
2013-12-17,0,0.0
2013-12-18,0,0.0
2013-12-19,0,0.0
2013-12-20,0,0.0
2013-12-21,0,0.0
2013-12-22,0,0.0
2013-12-23,0,0.0
2013-12-24,0,0.0
2013-12-25,0,0.0
2013-12-26,0,0.0
2013-12-27,0,0.0
2013-12-28,0,0.0
2013-12-29,0,0.0
2013-12-30,0,0.0
2013-12-31,0,0.0
2014-01-01,0,0.0
2014-01-02,0,0.0
2014-01-03,0,0.0
2014-01-04,0,0.0
2014-01-05,0,0.0
2014-01-06,0,0.0
2014-01-07,0,0.0
2014-01-08,0,0.0
2014-01-09,0,0.0
2014-01-10,0,0.0
2014-01-11,0,0.0
2014-01-12,0,0.0
2014-01-13,0,0.0
2014-01-14,0,0.0
2014-01-15,0,0.0
2014-01-16,0,0.0
2014-01-17,0,0.0
2014-01-18,0,0.0
2014-01-19,0,0.0
2014-01-20,0,0.0
2014-01-21,0,0.0
2014-01-22,0,0.0
2014-01-23,0,0.0
2014-01-24,0,0.0
2014-01-25,0,0.0
2014-01-26,0,0.0
2014-01-27,0,0.0
2014-01-28,0,0.0
2014-01-29,0,0.0
2014-01-30,0,0.0
2014-01-31,0,0.0
2014-02-01,0,0.0
2014-02-02,0,0.0
2014-02-03,0,0.0
2014-02-04,0,0.0
2014-02-05,0,0.0
2014-02-06,0,0.0
2014-02-07,0,0.0
2014-02-08,0,0.0
2014-02-09,0,0.0
2014-02-10,0,0.0
2014-02-11,0,0.0
2014-02-12,0,0.0
2014-02-13,0,0.0
2014-02-14,0,0.0
2014-02-15,0,0.0
2014-02-16,0,0.0
2014-02-17,0,0.0
2014-02-18,0,0.0
2014-02-19,0,0.0
2014-02-20,0,0.0
2014-02-21,0,0.0
2014-02-22,0,0.0
2014-02-23,0,0.0
2014-02-24,0,0.0
2014-02-25,0,0.0
2014-02-26,0,0.0
2014-02-27,0,0.0
2014-02-28,0,0.0
2014-03-01,0,0.0
2014-03-02,0,0.0
2014-03-03,0,0.0
2014-03-04,0,0.0
2014-03-05,0,0.0
2014-03-06,0,0.0
2014-03-07,0,0.0
2014-03-08,0,0.0
2014-03-09,0,0.0
2014-03-10,0,0.0
2014-03-11,0,0.0
2014-03-12,0,0.0
2014-03-13,0,0.0
2014-03-14,0,0.0
2014-03-15,0,0.0
2014-03-16,0,0.0
2014-03-17,0,0.0
2014-03-18,0,0.0
2014-03-19,0,0.0
2014-03-20,0,0.0
2014-03-21,0,0.0
2014-03-22,0,0.0
2014-03-23,0,0.0
2014-03-24,0,0.0
2014-03-25,0,0.0
2014-03-26,0,0.0
2014-03-27,0,0.0
2014-03-28,0,0.0
2014-03-29,0,0.0
2014-03-30,0,0.0
2014-03-31,0,0.0
2014-04-01,0,0.0
2014-04-02,0,0.0
2014-04-03,0,0.0
2014-04-04,0,0.0
2014-04-05,0,0.0
2014-04-06,0,0.0
2014-04-07,0,0.0
2014-04-08,0,0.0
2014-04-09,0,0.0
2014-04-10,0,0.0
2014-04-11,0,0.0
2014-04-12,0,0.0
2014-04-13,0,0.0
2014-04-14,0,0.0
2014-04-15,0,0.0
2014-04-16,0,0.0
2014-04-17,0,0.0
2014-04-18,0,0.0
2014-04-19,0,0.0
2014-04-20,0,0.0
2014-04-21,0,0.0
2014-04-22,0,0.0
2014-04-23,0,0.0
2014-04-24,0,0.0
2014-04-25,0,0.0
2014-04-26,0,0.0
2014-04-27,0,0.0
2014-04-28,0,0.0
2014-04-29,0,0.0
2014-04-30,0,0.0
2014-05-01,0,0.0
2014-05-02,0,0.0
2014-05-03,0,0.0
2014-05-04,0,0.0
2014-05-05,0,0.0
2014-05-06,0,0.0
2014-05-07,0,0.0
2014-05-08,0,0.0
2014-05-09,0,0.0
2014-05-10,0,0.0
2014-05-11,0,0.0
2014-05-12,0,0.0
2014-05-13,0,0.0
2014-05-14,0,0.0
2014-05-15,0,0.0
2014-05-16,0,0.0
2014-05-17,0,0.0
2014-05-18,0,0.0
2014-05-19,0,0.0
2014-05-20,0,0.0
2014-05-21,0,0.0
2014-05-22,0,0.0
2014-05-23,0,0.0
2014-05-24,0,0.0
2014-05-25,0,0.0
2014-05-26,0,0.0
2014-05-27,0,0.0
2014-05-28,0,0.0
2014-05-29,0,0.0
2014-05-30,0,0.0
2014-05-31,0,0.0
2014-06-01,0,0.0
2014-06-02,0,0.0
2014-06-03,0,0.0
2014-06-04,0,0.0
2014-06-05,0,0.0
2014-06-06,0,0.0
2014-06-07,0,0.0
2014-06-08,0,0.0
2014-06-09,0,0.0
2014-06-10,0,0.0
2014-06-11,0,0.0
2014-06-12,0,0.0
2014-06-13,0,0.0
2014-06-14,0,0.0
2014-06-15,0,0.0
2014-06-16,0,0.0
2014-06-17,0,0.0
2014-06-18,0,0.0
2014-06-19,0,0.0
2014-06-20,0,0.0
2014-06-21,0,0.0
2014-06-22,0,0.0
2014-06-23,0,0.0
2014-06-24,0,0.0
2014-06-25,0,0.0
2014-06-26,0,0.0
2014-06-27,0,0.0
2014-06-28,0,0.0
2014-06-29,0,0.0
2014-06-30,0,0.0
2014-07-01,0,0.0
2014-07-02,0,0.0
2014-07-03,0,0.0
2014-07-04,0,0.0
2014-07-05,0,0.0
2014-07-06,0,0.0
2014-07-07,0,0.0
2014-07-08,0,0.0
2014-07-09,0,0.0
2014-07-10,0,0.0
2014-07-11,0,0.0
2014-07-12,0,0.0
2014-07-13,0,0.0
2014-07-14,0,0.0
2014-07-15,0,0.0
2014-07-16,0,0.0
2014-07-17,0,0.0
2014-07-18,0,0.0
2014-07-19,0,0.0
2014-07-20,0,0.0
2014-07-21,0,0.0
2014-07-22,0,0.0
2014-07-23,0,0.0
2014-07-24,0,0.0
2014-07-25,0,0.0
2014-07-26,0,0.0
2014-07-27,0,0.0
2014-07-28,0,0.0
2014-07-29,0,0.0
2014-07-30,0,0.0
2014-07-31,0,0.0
2014-08-01,0,0.0
2014-08-02,0,0.0
2014-08-03,0,0.0
2014-08-04,0,0.0
2014-08-05,0,0.0
2014-08-06,0,0.0
2014-08-07,0,0.0
2014-08-08,0,0.0
2014-08-09,0,0.0
2014-08-10,0,0.0
2014-08-11,0,0.0
2014-08-12,0,0.0
2014-08-13,0,0.0
2014-08-14,0,0.0
2014-08-15,0,0.0
2014-08-16,0,0.0
2014-08-17,0,0.0
2014-08-18,0,0.0
2014-08-19,0,0.0
2014-08-20,0,0.0
2014-08-21,0,0.0
2014-08-22,0,0.0
2014-08-23,0,0.0
2014-08-24,0,0.0
2014-08-25,0,0.0
2014-08-26,0,0.0
2014-08-27,0,0.0
2014-08-28,0,0.0
2014-08-29,0,0.0
2014-08-30,0,0.0
2014-08-31,0,0.0
2014-09-01,0,0.0
2014-09-02,0,0.0
2014-09-03,0,0.0
2014-09-04,0,0.0
2014-09-05,0,0.0
2014-09-06,0,0.0
2014-09-07,0,0.0
2014-09-08,0,0.0
2014-09-09,0,0.0
2014-09-10,0,0.0
2014-09-11,0,0.0
2014-09-12,0,0.0
2014-09-13,0,0.0
2014-09-14,0,0.0
2014-09-15,0,0.0
2014-09-16,0,0.0
2014-09-17,0,0.0
2014-09-18,0,0.0
2014-09-19,0,0.0
2014-09-20,0,0.0
2014-09-21,0,0.0
2014-09-22,0,0.0
2014-09-23,0,0.0
2014-09-24,0,0.0
2014-09-25,0,0.0
2014-09-26,0,0.0
2014-09-27,0,0.0
2014-09-28,0,0.0
2014-09-29,0,0.0
2014-09-30,0,0.0
2014-10-01,0,0.0
2014-10-02,0,0.0
2014-10-03,0,0.0
2014-10-04,0,0.0
2014-10-05,0,0.0
2014-10-06,0,0.0
2014-10-07,0,0.0
2014-10-08,0,0.0
2014-10-09,0,0.0
2014-10-10,0,0.0
2014-10-11,0,0.0
2014-10-12,0,0.0
2014-10-13,0,0.0
2014-10-14,0,0.0
2014-10-15,0,0.0
2014-10-16,0,0.0
2014-10-17,0,0.0
2014-10-18,0,0.0
2014-10-19,0,0.0
2014-10-20,0,0.0
2014-10-21,0,0.0
2014-10-22,0,0.0
2014-10-23,0,0.0
2014-10-24,0,0.0
2014-10-25,0,0.0
2014-10-26,0,0.0
2014-10-27,0,0.0
2014-10-28,0,0.0
2014-10-29,0,0.0
2014-10-30,0,0.0
2014-10-31,0,0.0
2014-11-01,0,0.0
2014-11-02,0,0.0
2014-11-03,0,0.0
2014-11-04,0,0.0
2014-11-05,0,0.0
2014-11-06,0,0.0
2014-11-07,0,0.0
2014-11-08,0,0.0
2014-11-09,0,0.0
2014-11-10,0,0.0
2014-11-11,0,0.0
2014-11-12,0,0.0
2014-11-13,0,0.0
2014-11-14,0,0.0
2014-11-15,0,0.0
2014-11-16,0,0.0
2014-11-17,0,0.0
2014-11-18,0,0.0
2014-11-19,0,0.0
2014-11-20,0,0.0
2014-11-21,0,0.0
2014-11-22,0,0.0
2014-11-23,0,0.0
2014-11-24,0,0.0
2014-11-25,0,0.0
2014-11-26,0,0.0
2014-11-27,0,0.0
2014-11-28,0,0.0
2014-11-29,0,0.0
2014-11-30,0,0.0
2014-12-01,0,0.0
2014-12-02,0,0.0
2014-12-03,0,0.0
2014-12-04,0,0.0
2014-12-05,0,0.0
2014-12-06,0,0.0
2014-12-07,0,0.0
2014-12-08,0,0.0
2014-12-09,0,0.0
2014-12-10,0,0.0
2014-12-11,0,0.0
2014-12-12,0,0.0
2014-12-13,0,0.0
2014-12-14,0,0.0
2014-12-15,0,0.0
2014-12-16,0,0.0
2014-12-17,0,0.0
2014-12-18,0,0.0
2014-12-19,0,0.0
2014-12-20,0,0.0
2014-12-21,0,0.0
2014-12-22,0,0.0
2014-12-23,0,0.0
2014-12-24,0,0.0
2014-12-25,0,0.0
2014-12-26,0,0.0
2014-12-27,0,0.0
2014-12-28,0,0.0
2014-12-29,0,0.0
2014-12-30,0,0.0
2014-12-31,0,0.0
2015-01-01,0,0.0
2015-01-02,0,0.0
2015-01-03,0,0.0
2015-01-04,0,0.0
2015-01-05,0,0.0
2015-01-06,0,0.0
2015-01-07,0,0.0
2015-01-08,0,0.0
2015-01-09,0,0.0
2015-01-10,0,0.0
2015-01-11,0,0.0
2015-01-12,0,0.0
2015-01-13,0,0.0
2015-01-14,0,0.0
2015-01-15,0,0.0
2015-01-16,0,0.0
2015-01-17,0,0.0
2015-01-18,0,0.0
2015-01-19,0,0.0
2015-01-20,0,0.0
2015-01-21,0,0.0
2015-01-22,0,0.0
2015-01-23,0,0.0
2015-01-24,0,0.0
2015-01-25,0,0.0
2015-01-26,0,0.0
2015-01-27,0,0.0
2015-01-28,0,0.0
2015-01-29,0,0.0
2015-01-30,0,0.0
2015-01-31,0,0.0
2015-02-01,0,0.0
2015-02-02,0,0.0
2015-02-03,0,0.0
2015-02-04,0,0.0
2015-02-05,0,0.0
2015-02-06,0,0.0
2015-02-07,0,0.0
2015-02-08,0,0.0
2015-02-09,0,0.0
2015-02-10,0,0.0
2015-02-11,0,0.0
2015-02-12,0,0.0
2015-02-13,0,0.0
2015-02-14,0,0.0
2015-02-15,0,0.0
2015-02-16,0,0.0
2015-02-17,0,0.0
2015-02-18,0,0.0
2015-02-19,0,0.0
2015-02-20,0,0.0
2015-02-21,0,0.0
2015-02-22,0,0.0
2015-02-23,0,0.0
2015-02-24,0,0.0
2015-02-25,0,0.0
2015-02-26,0,0.0
2015-02-27,0,0.0
2015-02-28,0,0.0
2015-03-01,0,0.0
2015-03-02,0,0.0
2015-03-03,0,0.0
2015-03-04,0,0.0
2015-03-05,0,0.0
2015-03-06,0,0.0
2015-03-07,0,0.0
2015-03-08,0,0.0
2015-03-09,0,0.0
2015-03-10,0,0.0
2015-03-11,0,0.0
2015-03-12,0,0.0
2015-03-13,0,0.0
2015-03-14,0,0.0
2015-03-15,0,0.0
2015-03-16,0,0.0
2015-03-17,0,0.0
2015-03-18,0,0.0
2015-03-19,0,0.0
2015-03-20,0,0.0
2015-03-21,0,0.0
2015-03-22,0,0.0
2015-03-23,0,0.0
2015-03-24,0,0.0
2015-03-25,0,0.0
2015-03-26,0,0.0
2015-03-27,0,0.0
2015-03-28,0,0.0
2015-03-29,0,0.0
2015-03-30,0,0.0
2015-03-31,0,0.0
2015-04-01,0,0.0
2015-04-02,0,0.0
2015-04-03,0,0.0
2015-04-04,0,0.0
2015-04-05,0,0.0
2015-04-06,0,0.0
2015-04-07,0,0.0
2015-04-08,0,0.0
2015-04-09,0,0.0
2015-04-10,0,0.0
2015-04-11,0,0.0
2015-04-12,0,0.0
2015-04-13,0,0.0
2015-04-14,0,0.0
2015-04-15,0,0.0
2015-04-16,0,0.0
2015-04-17,0,0.0
2015-04-18,0,0.0
2015-04-19,0,0.0
2015-04-20,0,0.0
2015-04-21,0,0.0
2015-04-22,0,0.0
2015-04-23,0,0.0
2015-04-24,0,0.0
2015-04-25,0,0.0
2015-04-26,0,0.0
2015-04-27,0,0.0
2015-04-28,0,0.0
2015-04-29,0,0.0
2015-04-30,0,0.0
2015-05-01,0,0.0
2015-05-02,0,0.0
2015-05-03,0,0.0
2015-05-04,0,0.0
2015-05-05,0,0.0
2015-05-06,0,0.0
2015-05-07,0,0.0
2015-05-08,0,0.0
2015-05-09,0,0.0
2015-05-10,0,0.0
2015-05-11,0,0.0
2015-05-12,0,0.0
2015-05-13,0,0.0
2015-05-14,0,0.0
2015-05-15,0,0.0
2015-05-16,0,0.0
2015-05-17,0,0.0
2015-05-18,0,0.0
2015-05-19,0,0.0
2015-05-20,0,0.0
2015-05-21,0,0.0
2015-05-22,0,0.0
2015-05-23,0,0.0
2015-05-24,0,0.0
2015-05-25,0,0.0
2015-05-26,0,0.0
2015-05-27,0,0.0
2015-05-28,0,0.0
2015-05-29,0,0.0
2015-05-30,0,0.0
2015-05-31,0,0.0
2015-06-01,0,0.0
2015-06-02,0,0.0
2015-06-03,0,0.0
2015-06-04,0,0.0
2015-06-05,0,0.0
2015-06-06,0,0.0
2015-06-07,0,0.0
2015-06-08,0,0.0
2015-06-09,0,0.0
2015-06-10,0,0.0
2015-06-11,0,0.0
2015-06-12,0,0.0
2015-06-13,0,0.0
2015-06-14,0,0.0
2015-06-15,0,0.0
2015-06-16,0,0.0
2015-06-17,0,0.0
2015-06-18,0,0.0
2015-06-19,0,0.0
2015-06-20,0,0.0
2015-06-21,0,0.0
2015-06-22,0,0.0
2015-06-23,0,0.0
2015-06-24,0,0.0
2015-06-25,0,0.0
2015-06-26,0,0.0
2015-06-27,0,0.0
2015-06-28,0,0.0
2015-06-29,0,0.0
2015-06-30,0,0.0
2015-07-01,0,0.0
2015-07-02,0,0.0
2015-07-03,0,0.0
2015-07-04,0,0.0
2015-07-05,0,0.0
2015-07-06,0,0.0
2015-07-07,0,0.0
2015-07-08,0,0.0
2015-07-09,0,0.0
2015-07-10,0,0.0
2015-07-11,0,0.0
2015-07-12,0,0.0
2015-07-13,0,0.0
2015-07-14,0,0.0
2015-07-15,0,0.0
2015-07-16,0,0.0
2015-07-17,0,0.0
2015-07-18,0,0.0
2015-07-19,0,0.0
2015-07-20,0,0.0
2015-07-21,0,0.0
2015-07-22,0,0.0
2015-07-23,0,0.0
2015-07-24,0,0.0
2015-07-25,0,0.0
2015-07-26,0,0.0
2015-07-27,0,0.0
2015-07-28,0,0.0
2015-07-29,0,0.0
2015-07-30,0,0.0
2015-07-31,0,0.0
2015-08-01,0,0.0
2015-08-02,0,0.0
2015-08-03,0,0.0
2015-08-04,0,0.0
2015-08-05,0,0.0
2015-08-06,0,0.0
2015-08-07,0,0.0
2015-08-08,0,0.0
2015-08-09,0,0.0
2015-08-10,0,0.0
2015-08-11,0,0.0
2015-08-12,0,0.0
2015-08-13,0,0.0
2015-08-14,0,0.0
2015-08-15,0,0.0
2015-08-16,0,0.0
2015-08-17,0,0.0
2015-08-18,0,0.0
2015-08-19,0,0.0
2015-08-20,0,0.0
2015-08-21,0,0.0
2015-08-22,0,0.0
2015-08-23,0,0.0
2015-08-24,0,0.0
2015-08-25,0,0.0
2015-08-26,0,0.0
2015-08-27,0,0.0
2015-08-28,0,0.0
2015-08-29,0,0.0
2015-08-30,0,0.0
2015-08-31,0,0.0
2015-09-01,0,0.0
2015-09-02,0,0.0
2015-09-03,0,0.0
2015-09-04,0,0.0
2015-09-05,0,0.0
2015-09-06,0,0.0
2015-09-07,0,0.0
2015-09-08,0,0.0
2015-09-09,0,0.0
2015-09-10,0,0.0
2015-09-11,0,0.0
2015-09-12,0,0.0
2015-09-13,0,0.0
2015-09-14,0,0.0
2015-09-15,0,0.0
2015-09-16,0,0.0
2015-09-17,0,0.0
2015-09-18,0,0.0
2015-09-19,0,0.0
2015-09-20,0,0.0
2015-09-21,0,0.0
2015-09-22,0,0.0
2015-09-23,0,0.0
2015-09-24,0,0.0
2015-09-25,0,0.0
2015-09-26,0,0.0
2015-09-27,0,0.0
2015-09-28,0,0.0
2015-09-29,0,0.0
2015-09-30,0,0.0
2015-10-01,0,0.0
2015-10-02,0,0.0
2015-10-03,0,0.0
2015-10-04,0,0.0
2015-10-05,0,0.0
2015-10-06,0,0.0
2015-10-07,0,0.0
2015-10-08,0,0.0
2015-10-09,0,0.0
2015-10-10,0,0.0
2015-10-11,0,0.0
2015-10-12,0,0.0
2015-10-13,0,0.0
2015-10-14,0,0.0
2015-10-15,0,0.0
2015-10-16,0,0.0
2015-10-17,0,0.0
2015-10-18,0,0.0
2015-10-19,0,0.0
2015-10-20,0,0.0
2015-10-21,0,0.0
2015-10-22,0,0.0
2015-10-23,0,0.0
2015-10-24,0,0.0
2015-10-25,0,0.0
2015-10-26,0,0.0
2015-10-27,0,0.0
2015-10-28,0,0.0
2015-10-29,0,0.0
2015-10-30,0,0.0
2015-10-31,0,0.0
2015-11-01,0,0.0
2015-11-02,0,0.0
2015-11-03,0,0.0
2015-11-04,0,0.0
2015-11-05,0,0.0
2015-11-06,0,0.0
2015-11-07,0,0.0
2015-11-08,0,0.0
2015-11-09,0,0.0
2015-11-10,0,0.0
2015-11-11,0,0.0
2015-11-12,0,0.0
2015-11-13,0,0.0
2015-11-14,0,0.0
2015-11-15,0,0.0
2015-11-16,0,0.0
2015-11-17,0,0.0
2015-11-18,0,0.0
2015-11-19,0,0.0
2015-11-20,0,0.0
2015-11-21,0,0.0
2015-11-22,0,0.0
2015-11-23,0,0.0
2015-11-24,0,0.0
2015-11-25,0,0.0
2015-11-26,0,0.0
2015-11-27,0,0.0
2015-11-28,0,0.0
2015-11-29,0,0.0
2015-11-30,0,0.0
2015-12-01,0,0.0
2015-12-02,0,0.0
2015-12-03,0,0.0
2015-12-04,0,0.0
2015-12-05,0,0.0
2015-12-06,0,0.0
2015-12-07,0,0.0
2015-12-08,0,0.0
2015-12-09,0,0.0
2015-12-10,0,0.0
2015-12-11,0,0.0
2015-12-12,0,0.0
2015-12-13,0,0.0
2015-12-14,0,0.0
2015-12-15,0,0.0
2015-12-16,0,0.0
2015-12-17,0,0.0
2015-12-18,0,0.0
2015-12-19,0,0.0
2015-12-20,0,0.0
2015-12-21,0,0.0
2015-12-22,0,0.0
2015-12-23,0,0.0
2015-12-24,0,0.0
2015-12-25,0,0.0
2015-12-26,0,0.0
2015-12-27,0,0.0
2015-12-28,0,0.0
2015-12-29,0,0.0
2015-12-30,0,0.0
2015-12-31,0,0.0
2016-01-01,0,0.0
2016-01-02,0,0.0
2016-01-03,0,0.0
2016-01-04,0,0.0
2016-01-05,0,0.0
2016-01-06,0,0.0
2016-01-07,0,0.0
2016-01-08,0,0.0
2016-01-09,0,0.0
2016-01-10,0,0.0
2016-01-11,0,0.0
2016-01-12,0,0.0
2016-01-13,0,0.0
2016-01-14,0,0.0
2016-01-15,0,0.0
2016-01-16,0,0.0
2016-01-17,0,0.0
2016-01-18,0,0.0
2016-01-19,0,0.0
2016-01-20,0,0.0
2016-01-21,1,1.0
2016-01-22,0,0.0
2016-01-23,0,0.0
2016-01-24,0,0.0
2016-01-25,0,0.0
2016-01-26,0,0.0
2016-01-27,0,0.0
2016-01-28,0,0.0
2016-01-29,0,0.0
2016-01-30,2,1.817
2016-01-31,1,0.962
2016-02-01,0,0.0
2016-02-02,0,0.0
2016-02-03,0,0.0
2016-02-04,0,0.0
2016-02-05,0,0.0
2016-02-06,1,0.918
2016-02-07,0,0.0
2016-02-08,0,0.0
2016-02-09,1,1.267
2016-02-10,0,0.0
2016-02-11,0,0.0
2016-02-12,0,0.0
2016-02-13,0,0.0
2016-02-14,0,0.0
2016-02-15,1,0.852
2016-02-16,0,0.0
2016-02-17,0,0.0
2016-02-18,1,1.766
2016-02-19,0,0.0
2016-02-20,0,0.0
2016-02-21,0,0.0
2016-02-22,0,0.0
2016-02-23,0,0.0
2016-02-24,0,0.0
2016-02-25,1,1.031
2016-02-26,0,0.0
2016-02-27,2,2.7279999999999998
2016-02-28,0,0.0
2016-02-29,1,1.0
2016-03-01,0,0.0
2016-03-02,0,0.0
2016-03-03,2,2.059
2016-03-04,0,0.0
2016-03-05,1,2.3
2016-03-06,0,0.0
2016-03-07,0,0.0
2016-03-08,0,0.0
2016-03-09,0,0.0
2016-03-10,0,0.0
2016-03-11,0,0.0
2016-03-12,0,0.0
2016-03-13,0,0.0
2016-03-14,2,3.1479999999999997
2016-03-15,0,0.0
2016-03-16,1,0.972
2016-03-17,0,0.0
2016-03-18,0,0.0
2016-03-19,0,0.0
2016-03-20,1,3.978
2016-03-21,2,4.354
2016-03-22,0,0.0
2016-03-23,2,3.734
2016-03-24,0,0.0
2016-03-25,2,2.2969999999999997
2016-03-26,0,0.0
2016-03-27,4,15.896
2016-03-28,0,0.0
2016-03-29,0,0.0
2016-03-30,2,4.164
2016-03-31,1,3.26
2016-04-01,0,0.0
2016-04-02,0,0.0
2016-04-03,2,6.582
2016-04-04,0,0.0
2016-04-05,2,7.509
2016-04-06,2,5.710000000000001
2016-04-07,0,0.0
2016-04-08,1,0.969
2016-04-09,0,0.0
2016-04-10,2,4.484999999999999
2016-04-11,0,0.0
2016-04-12,3,9.134
2016-04-13,2,3.241
2016-04-14,3,5.04
2016-04-15,2,4.53
2016-04-16,0,0.0
2016-04-17,3,2.476
2016-04-18,0,0.0
2016-04-19,3,4.788
2016-04-20,2,2.437
2016-04-21,2,4.21
2016-04-22,2,4.368
2016-04-23,0,0.0
2016-04-24,0,0.0
2016-04-25,0,0.0
2016-04-26,0,0.0
2016-04-27,0,0.0
2016-04-28,1,0.694
2016-04-29,0,0.0
2016-04-30,0,0.0
2016-05-01,0,0.0
2016-05-02,0,0.0
2016-05-03,0,0.0
2016-05-04,0,0.0
2016-05-05,0,0.0
2016-05-06,2,2.37
2016-05-07,1,4.356
2016-05-08,2,4.634
2016-05-09,0,0.0
2016-05-10,2,5.678000000000001
2016-05-11,0,0.0
2016-05-12,2,3.754
2016-05-13,0,0.0
2016-05-14,0,0.0
2016-05-15,2,2.957
2016-05-16,2,3.964
2016-05-17,0,0.0
2016-05-18,0,0.0
2016-05-19,0,0.0
2016-05-20,0,0.0
2016-05-21,1,0.899
2016-05-22,1,1.728
2016-05-23,6,15.120000000000001
2016-05-24,1,1.312
2016-05-25,0,0.0
2016-05-26,0,0.0
2016-05-27,0,0.0
2016-05-28,0,0.0
2016-05-29,0,0.0
2016-05-30,0,0.0
2016-05-31,0,0.0
2016-06-01,0,0.0
2016-06-02,0,0.0
2016-06-03,0,0.0
2016-06-04,0,0.0
2016-06-05,0,0.0
2016-06-06,0,0.0
2016-06-07,4,4.563000000000001
2016-06-08,0,0.0
2016-06-09,0,0.0
2016-06-10,1,0.943
2016-06-11,0,0.0
2016-06-12,0,0.0
2016-06-13,2,3.536
2016-06-14,0,0.0
2016-06-15,0,0.0
2016-06-16,0,0.0
2016-06-17,1,0.82
2016-06-18,1,3.409
2016-06-19,0,0.0
2016-06-20,2,2.059
2016-06-21,0,0.0
2016-06-22,0,0.0
2016-06-23,0,0.0
2016-06-24,0,0.0
2016-06-25,2,1.448
2016-06-26,0,0.0
2016-06-27,0,0.0
2016-06-28,0,0.0
2016-06-29,4,4.418
2016-06-30,0,0.0
2016-07-01,2,1.0050000000000001
2016-07-02,0,0.0
2016-07-03,0,0.0
2016-07-04,0,0.0
2016-07-05,0,0.0
2016-07-06,0,0.0
2016-07-07,0,0.0
2016-07-08,0,0.0
2016-07-09,0,0.0
2016-07-10,1,0.688
2016-07-11,1,0.854
2016-07-12,0,0.0
2016-07-13,1,1.509
2016-07-14,0,0.0
2016-07-15,1,3.664
2016-07-16,0,0.0
2016-07-17,0,0.0
2016-07-18,0,0.0
2016-07-19,0,0.0
2016-07-20,1,3.246
2016-07-21,0,0.0
2016-07-22,2,2.939
2016-07-23,0,0.0
2016-07-24,2,2.9939999999999998
2016-07-25,1,1.0
2016-07-26,0,0.0
2016-07-27,2,3.615
2016-07-28,0,0.0
2016-07-29,2,4.902
2016-07-30,0,0.0
2016-07-31,0,0.0
2016-08-01,0,0.0
2016-08-02,2,4.2860000000000005
2016-08-03,4,5.101
2016-08-04,0,0.0
2016-08-05,0,0.0
2016-08-06,0,0.0
2016-08-07,0,0.0
2016-08-08,0,0.0
2016-08-09,2,2.4370000000000003
2016-08-10,0,0.0
2016-08-11,2,1.3820000000000001
2016-08-12,0,0.0
2016-08-13,0,0.0
2016-08-14,0,0.0
2016-08-15,0,0.0
2016-08-16,0,0.0
2016-08-17,0,0.0
2016-08-18,1,3.069
2016-08-19,2,0.9500000000000001
2016-08-20,2,2.865
2016-08-21,2,2.9770000000000003
2016-08-22,0,0.0
2016-08-23,4,4.468999999999999
2016-08-24,0,0.0
2016-08-25,2,3.977
2016-08-26,0,0.0
2016-08-27,0,0.0
2016-08-28,0,0.0
2016-08-29,0,0.0
2016-08-30,0,0.0
2016-08-31,0,0.0
2016-09-01,0,0.0
2016-09-02,0,0.0
2016-09-03,2,6.264
2016-09-04,2,3.293
2016-09-05,0,0.0
2016-09-06,2,4.704
2016-09-07,0,0.0
2016-09-08,5,7.603
2016-09-09,0,0.0
2016-09-10,0,0.0
2016-09-11,2,2.502
2016-09-12,0,0.0
2016-09-13,0,0.0
2016-09-14,0,0.0
2016-09-15,0,0.0
2016-09-16,0,0.0
2016-09-17,2,1.944
2016-09-18,0,0.0
2016-09-19,2,4.408
2016-09-20,2,2.8800000000000003
2016-09-21,3,4.442
2016-09-22,0,0.0
2016-09-23,0,0.0
2016-09-24,1,1.752
2016-09-25,0,0.0
2016-09-26,0,0.0
2016-09-27,0,0.0
2016-09-28,0,0.0
2016-09-29,0,0.0
2016-09-30,0,0.0
2016-10-01,2,4.332
2016-10-02,0,0.0
2016-10-03,5,6.406
2016-10-04,0,0.0
2016-10-05,0,0.0
2016-10-06,0,0.0
2016-10-07,0,0.0
2016-10-08,0,0.0
2016-10-09,0,0.0
2016-10-10,0,0.0
2016-10-11,0,0.0
2016-10-12,1,0.826
2016-10-13,0,0.0
2016-10-14,0,0.0
2016-10-15,2,2.905
2016-10-16,0,0.0
2016-10-17,0,0.0
2016-10-18,0,0.0
2016-10-19,0,0.0
2016-10-20,0,0.0
2016-10-21,2,2.037
2016-10-22,0,0.0
2016-10-23,4,9.651
2016-10-24,4,5.698
2016-10-25,0,0.0
2016-10-26,1,2.508
2016-10-27,0,0.0
2016-10-28,1,3.4
2016-10-29,0,0.0
2016-10-30,1,3.33
2016-10-31,0,0.0
2016-11-01,0,0.0
2016-11-02,0,0.0
2016-11-03,0,0.0
2016-11-04,2,1.773
2016-11-05,0,0.0
2016-11-06,1,1.781
2016-11-07,1,1.419
2016-11-08,4,11.254999999999999
2016-11-09,2,5.141
2016-11-10,0,0.0
2016-11-11,3,3.9979999999999998
2016-11-12,0,0.0
2016-11-13,2,1.832
2016-11-14,0,0.0
2016-11-15,5,8.82
2016-11-16,0,0.0
2016-11-17,0,0.0
2016-11-18,3,4.178
2016-11-19,0,0.0
2016-11-20,1,2.241
2016-11-21,0,0.0
2016-11-22,5,10.252
2016-11-23,2,2.423
2016-11-24,0,0.0
2016-11-25,0,0.0
2016-11-26,0,0.0
2016-11-27,0,0.0
2016-11-28,0,0.0
2016-11-29,2,3.908
2016-11-30,0,0.0
2016-12-01,1,1.135
2016-12-02,0,0.0
2016-12-03,0,0.0
2016-12-04,0,0.0
2016-12-05,0,0.0
2016-12-06,0,0.0
2016-12-07,0,0.0
2016-12-08,3,10.154
2016-12-09,1,1.877
2016-12-10,0,0.0
2016-12-11,0,0.0
2016-12-12,0,0.0
2016-12-13,0,0.0
2016-12-14,0,0.0
2016-12-15,1,1.031
2016-12-16,0,0.0
2016-12-17,2,3.404
2016-12-18,2,4.138999999999999
2016-12-19,0,0.0
2016-12-20,1,2.827
2016-12-21,0,0.0
2016-12-22,0,0.0
2016-12-23,0,0.0
2016-12-24,2,1.952
2016-12-25,2,3.314
2016-12-26,0,0.0
2016-12-27,0,0.0
2016-12-28,0,0.0
2016-12-29,0,0.0
2016-12-30,0,0.0
2016-12-31,2,3.356
2017-01-01,1,0.889
2017-01-02,4,6.997999999999999
2017-01-03,2,4.894
2017-01-04,0,0.0
2017-01-05,3,4.7459999999999996
2017-01-06,0,0.0
2017-01-07,2,4.0809999999999995
2017-01-08,0,0.0
2017-01-09,0,0.0
2017-01-10,1,3.0
2017-01-11,0,0.0
2017-01-12,0,0.0
2017-01-13,0,0.0
2017-01-14,3,4.506
2017-01-15,0,0.0
2017-01-16,1,1.308
2017-01-17,2,2.128
2017-01-18,1,3.075
2017-01-19,0,0.0
2017-01-20,1,2.882
2017-01-21,2,3.8789999999999996
2017-01-22,0,0.0
2017-01-23,5,7.33
2017-01-24,0,0.0
2017-01-25,4,11.208
2017-01-26,4,6.19
2017-01-27,0,0.0
2017-01-28,0,0.0
2017-01-29,0,0.0
2017-01-30,2,2.672
2017-01-31,0,0.0
2017-02-01,4,5.863999999999999
2017-02-02,3,3.673
2017-02-03,3,10.148
2017-02-04,2,4.163
2017-02-05,0,0.0
2017-02-06,0,0.0
2017-02-07,0,0.0
2017-02-08,4,4.429
2017-02-09,0,0.0
2017-02-10,3,7.046
2017-02-11,2,4.056
2017-02-12,1,1.784
2017-02-13,2,5.37
2017-02-14,0,0.0
2017-02-15,3,4.856
2017-02-16,0,0.0
2017-02-17,3,10.097999999999999
2017-02-18,0,0.0
2017-02-19,5,13.238
2017-02-20,1,1.364
2017-02-21,0,0.0
2017-02-22,1,0.892
2017-02-23,0,0.0
2017-02-24,2,4.163
2017-02-25,0,0.0
2017-02-26,2,8.303
2017-02-27,0,0.0
2017-02-28,2,2.824
2017-03-01,2,3.965
2017-03-02,0,0.0
2017-03-03,4,5.627
2017-03-04,0,0.0
2017-03-05,2,4.311
2017-03-06,1,0.996
2017-03-07,3,8.388
2017-03-08,3,4.646
2017-03-09,0,0.0
2017-03-10,2,4.496
2017-03-11,0,0.0
2017-03-12,2,4.135
2017-03-13,0,0.0
2017-03-14,3,8.581
2017-03-15,0,0.0
2017-03-16,0,0.0
2017-03-17,2,1.75
2017-03-18,0,0.0
2017-03-19,4,6.184
2017-03-20,0,0.0
2017-03-21,3,7.966
2017-03-22,3,3.211
2017-03-23,5,13.873
2017-03-24,2,2.894
2017-03-25,0,0.0
2017-03-26,2,3.2169999999999996
2017-03-27,0,0.0
2017-03-28,0,0.0
2017-03-29,0,0.0
2017-03-30,3,8.633
2017-03-31,0,0.0
2017-04-01,2,2.267
2017-04-02,2,3.657
2017-04-03,0,0.0
2017-04-04,0,0.0
2017-04-05,0,0.0
2017-04-06,3,3.604
2017-04-07,1,1.426
2017-04-08,1,1.696
2017-04-09,2,3.2649999999999997
2017-04-10,0,0.0
2017-04-11,3,4.5280000000000005
2017-04-12,0,0.0
2017-04-13,2,4.5600000000000005
2017-04-14,0,0.0
2017-04-15,2,4.091
2017-04-16,2,3.622
2017-04-17,2,2.248
2017-04-18,2,4.5760000000000005
2017-04-19,0,0.0
2017-04-20,2,2.444
2017-04-21,0,0.0
2017-04-22,2,4.116
2017-04-23,1,1.457
2017-04-24,1,4.678
2017-04-25,2,2.177
2017-04-26,0,0.0
2017-04-27,4,3.9720000000000004
2017-04-28,0,0.0
2017-04-29,0,0.0
2017-04-30,0,0.0
2017-05-01,0,0.0
2017-05-02,0,0.0
2017-05-03,0,0.0
2017-05-04,0,0.0
2017-05-05,0,0.0
2017-05-06,0,0.0
2017-05-07,0,0.0
2017-05-08,0,0.0
2017-05-09,0,0.0
2017-05-10,0,0.0
2017-05-11,2,3.6470000000000002
2017-05-12,0,0.0
2017-05-13,0,0.0
2017-05-14,0,0.0
2017-05-15,0,0.0
2017-05-16,0,0.0
2017-05-17,0,0.0
2017-05-18,2,3.3449999999999998
2017-05-19,0,0.0
2017-05-20,1,1.464
2017-05-21,0,0.0
2017-05-22,0,0.0
2017-05-23,0,0.0
2017-05-24,3,3.305
2017-05-25,0,0.0
2017-05-26,0,0.0
2017-05-27,2,2.333
2017-05-28,0,0.0
2017-05-29,2,2.489
2017-05-30,0,0.0
2017-05-31,0,0.0
2017-06-01,0,0.0
2017-06-02,2,2.182
2017-06-03,0,0.0
2017-06-04,0,0.0
2017-06-05,0,0.0
2017-06-06,0,0.0
2017-06-07,0,0.0
2017-06-08,0,0.0
2017-06-09,0,0.0
2017-06-10,0,0.0
2017-06-11,0,0.0
2017-06-12,0,0.0
2017-06-13,0,0.0
2017-06-14,0,0.0
2017-06-15,0,0.0
2017-06-16,0,0.0
2017-06-17,0,0.0
2017-06-18,2,4.112
2017-06-19,0,0.0
2017-06-20,0,0.0
2017-06-21,0,0.0
2017-06-22,0,0.0
2017-06-23,0,0.0
2017-06-24,0,0.0
2017-06-25,1,1.038
2017-06-26,0,0.0
2017-06-27,0,0.0
2017-06-28,0,0.0
2017-06-29,0,0.0
2017-06-30,1,0.698
2017-07-01,0,0.0
2017-07-02,0,0.0
2017-07-03,0,0.0
2017-07-04,0,0.0
2017-07-05,0,0.0
2017-07-06,0,0.0
2017-07-07,0,0.0
2017-07-08,0,0.0
2017-07-09,1,0.778
2017-07-10,0,0.0
2017-07-11,2,1.4889999999999999
2017-07-12,0,0.0
2017-07-13,0,0.0
2017-07-14,0,0.0
2017-07-15,0,0.0
2017-07-16,2,2.222
2017-07-17,0,0.0
2017-07-18,0,0.0
2017-07-19,0,0.0
2017-07-20,0,0.0
2017-07-21,0,0.0
2017-07-22,0,0.0
2017-07-23,0,0.0
2017-07-24,0,0.0
2017-07-25,0,0.0
2017-07-26,0,0.0
2017-07-27,1,0.6
2017-07-28,0,0.0
2017-07-29,1,2.702
2017-07-30,2,3.2520000000000002
2017-07-31,0,0.0
2017-08-01,0,0.0
2017-08-02,0,0.0
2017-08-03,0,0.0
2017-08-04,0,0.0
2017-08-05,1,3.267
2017-08-06,0,0.0
2017-08-07,0,0.0
2017-08-08,0,0.0
2017-08-09,0,0.0
2017-08-10,0,0.0
2017-08-11,0,0.0
2017-08-12,1,1.019
2017-08-13,0,0.0
2017-08-14,0,0.0
2017-08-15,1,1.152
2017-08-16,0,0.0
2017-08-17,1,0.837
2017-08-18,0,0.0
2017-08-19,2,2.415
2017-08-20,0,0.0
2017-08-21,2,1.464
2017-08-22,1,0.833
2017-08-23,0,0.0
2017-08-24,2,1.757
2017-08-25,0,0.0
2017-08-26,0,0.0
2017-08-27,0,0.0
2017-08-28,2,2.513
2017-08-29,0,0.0
2017-08-30,0,0.0
2017-08-31,0,0.0
2017-09-01,0,0.0
2017-09-02,1,1.17
2017-09-03,0,0.0
2017-09-04,2,2.503
2017-09-05,0,0.0
2017-09-06,2,3.483
2017-09-07,0,0.0
2017-09-08,0,0.0
2017-09-09,0,0.0
2017-09-10,0,0.0
2017-09-11,1,0.65
2017-09-12,0,0.0
2017-09-13,0,0.0
2017-09-14,0,0.0
2017-09-15,0,0.0
2017-09-16,1,1.152
2017-09-17,0,0.0
2017-09-18,0,0.0
2017-09-19,0,0.0
2017-09-20,0,0.0
2017-09-21,0,0.0
2017-09-22,0,0.0
2017-09-23,0,0.0
2017-09-24,0,0.0
2017-09-25,0,0.0
2017-09-26,0,0.0
2017-09-27,0,0.0
2017-09-28,0,0.0
2017-09-29,0,0.0
2017-09-30,0,0.0
2017-10-01,0,0.0
2017-10-02,0,0.0
2017-10-03,0,0.0
2017-10-04,0,0.0
2017-10-05,0,0.0
2017-10-06,0,0.0
2017-10-07,0,0.0
2017-10-08,0,0.0
2017-10-09,0,0.0
2017-10-10,0,0.0
2017-10-11,1,2.487
2017-10-12,0,0.0
2017-10-13,0,0.0
2017-10-14,0,0.0
2017-10-15,0,0.0
2017-10-16,0,0.0
2017-10-17,0,0.0
2017-10-18,2,2.804
2017-10-19,0,0.0
2017-10-20,1,1.104
2017-10-21,0,0.0
2017-10-22,1,0.716
2017-10-23,0,0.0
2017-10-24,1,1.066
2017-10-25,0,0.0
2017-10-26,0,0.0
2017-10-27,0,0.0
2017-10-28,0,0.0
2017-10-29,1,0.886
2017-10-30,0,0.0
2017-10-31,1,3.239
2017-11-01,0,0.0
2017-11-02,1,0.927
2017-11-03,0,0.0
2017-11-04,0,0.0
2017-11-05,0,0.0
2017-11-06,0,0.0
2017-11-07,2,2.841
2017-11-08,0,0.0
2017-11-09,1,0.767
2017-11-10,2,2.856
2017-11-11,0,0.0
2017-11-12,1,1.281
2017-11-13,0,0.0
2017-11-14,0,0.0
2017-11-15,0,0.0
2017-11-16,0,0.0
2017-11-17,0,0.0
2017-11-18,2,4.021
2017-11-19,2,3.206
2017-11-20,0,0.0
2017-11-21,1,1.014
2017-11-22,0,0.0
2017-11-23,0,0.0
2017-11-24,0,0.0
2017-11-25,0,0.0
2017-11-26,1,1.884
2017-11-27,0,0.0
2017-11-28,3,4.491
2017-11-29,0,0.0
2017-11-30,1,1.031
2017-12-01,0,0.0
2017-12-02,3,4.237
2017-12-03,0,0.0
2017-12-04,1,3.111
2017-12-05,0,0.0
2017-12-06,0,0.0
2017-12-07,0,0.0
2017-12-08,0,0.0
2017-12-09,3,5.323
2017-12-10,0,0.0
2017-12-11,2,3.672
2017-12-12,1,1.256
2017-12-13,0,0.0
2017-12-14,0,0.0
2017-12-15,0,0.0
2017-12-16,1,0.864
2017-12-17,0,0.0
2017-12-18,0,0.0
2017-12-19,0,0.0
2017-12-20,0,0.0
2017-12-21,0,0.0
2017-12-22,0,0.0
2017-12-23,1,1.08
2017-12-24,0,0.0
2017-12-25,2,2.513
2017-12-26,0,0.0
2017-12-27,1,1.015
2017-12-28,1,1.249
2017-12-29,0,0.0
2017-12-30,0,0.0
2017-12-31,0,0.0
2018-01-01,0,0.0
2018-01-02,0,0.0
2018-01-03,3,3.758
2018-01-04,0,0.0
2018-01-05,1,2.9
2018-01-06,2,2.895
2018-01-07,0,0.0
2018-01-08,1,1.062
2018-01-09,0,0.0
2018-01-10,2,3.47
2018-01-11,0,0.0
2018-01-12,2,2.875
2018-01-13,0,0.0
2018-01-14,0,0.0
2018-01-15,1,2.342
2018-01-16,0,0.0
2018-01-17,0,0.0
2018-01-18,0,0.0
2018-01-19,0,0.0
2018-01-20,0,0.0
2018-01-21,1,0.801
2018-01-22,0,0.0
2018-01-23,0,0.0
2018-01-24,0,0.0
2018-01-25,0,0.0
2018-01-26,0,0.0
2018-01-27,0,0.0
2018-01-28,0,0.0
2018-01-29,0,0.0
2018-01-30,0,0.0
2018-01-31,1,0.802
2018-02-01,0,0.0
2018-02-02,0,0.0
2018-02-03,0,0.0
2018-02-04,0,0.0
2018-02-05,0,0.0
2018-02-06,0,0.0
2018-02-07,2,2.537
2018-02-08,0,0.0
2018-02-09,0,0.0
2018-02-10,0,0.0
2018-02-11,1,1.239
2018-02-12,0,0.0
2018-02-13,2,2.002
2018-02-14,1,1.645
2018-02-15,0,0.0
2018-02-16,3,3.4130000000000003
2018-02-17,0,0.0
2018-02-18,0,0.0
2018-02-19,0,0.0
2018-02-20,2,1.9649999999999999
2018-02-21,0,0.0
2018-02-22,0,0.0
2018-02-23,0,0.0
2018-02-24,0,0.0
2018-02-25,0,0.0
2018-02-26,0,0.0
2018-02-27,2,2.3899999999999997
2018-02-28,0,0.0
2018-03-01,2,2.708
2018-03-02,2,2.0549999999999997
2018-03-03,0,0.0
2018-03-04,0,0.0
2018-03-05,0,0.0
2018-03-06,0,0.0
2018-03-07,0,0.0
2018-03-08,1,2.408
2018-03-09,0,0.0
2018-03-10,0,0.0
2018-03-11,1,1.402
2018-03-12,0,0.0
2018-03-13,0,0.0
2018-03-14,0,0.0
2018-03-15,2,2.591
2018-03-16,0,0.0
2018-03-17,2,1.6469999999999998
2018-03-18,0,0.0
2018-03-19,0,0.0
2018-03-20,1,1.405
2018-03-21,0,0.0
2018-03-22,0,0.0
2018-03-23,0,0.0
2018-03-24,1,1.664
2018-03-25,0,0.0
2018-03-26,0,0.0
2018-03-27,2,2.4290000000000003
2018-03-28,0,0.0
2018-03-29,0,0.0
2018-03-30,0,0.0
2018-03-31,0,0.0
2018-04-01,0,0.0
2018-04-02,2,2.702
2018-04-03,0,0.0
2018-04-04,0,0.0
2018-04-05,2,2.811
2018-04-06,0,0.0
2018-04-07,0,0.0
2018-04-08,0,0.0
2018-04-09,0,0.0
2018-04-10,0,0.0
2018-04-11,0,0.0
2018-04-12,0,0.0
2018-04-13,0,0.0
2018-04-14,0,0.0
2018-04-15,0,0.0
2018-04-16,1,1.245
2018-04-17,0,0.0
2018-04-18,0,0.0
2018-04-19,0,0.0
2018-04-20,0,0.0
2018-04-21,1,1.059
2018-04-22,0,0.0
2018-04-23,0,0.0
2018-04-24,0,0.0
2018-04-25,0,0.0
2018-04-26,0,0.0
2018-04-27,0,0.0
2018-04-28,0,0.0
2018-04-29,0,0.0
2018-04-30,0,0.0
2018-05-01,0,0.0
2018-05-02,1,1.233
2018-05-03,0,0.0
2018-05-04,1,1.989
2018-05-05,0,0.0
2018-05-06,0,0.0
2018-05-07,0,0.0
2018-05-08,0,0.0
2018-05-09,0,0.0
2018-05-10,0,0.0
2018-05-11,1,0.537
2018-05-12,0,0.0
2018-05-13,0,0.0
2018-05-14,0,0.0
2018-05-15,0,0.0
2018-05-16,0,0.0
2018-05-17,0,0.0
2018-05-18,0,0.0
2018-05-19,0,0.0
2018-05-20,0,0.0
2018-05-21,0,0.0
2018-05-22,0,0.0
2018-05-23,2,1.5
2018-05-24,0,0.0
2018-05-25,0,0.0
2018-05-26,0,0.0
2018-05-27,0,0.0
2018-05-28,0,0.0
2018-05-29,0,0.0
2018-05-30,0,0.0
2018-05-31,0,0.0
2018-06-01,1,0.82
2018-06-02,0,0.0
2018-06-03,1,0.414
2018-06-04,0,0.0
2018-06-05,0,0.0
2018-06-06,0,0.0
2018-06-07,0,0.0
2018-06-08,0,0.0
2018-06-09,0,0.0
2018-06-10,0,0.0
2018-06-11,0,0.0
2018-06-12,0,0.0
2018-06-13,0,0.0
2018-06-14,0,0.0
2018-06-15,0,0.0
2018-06-16,0,0.0
2018-06-17,0,0.0
2018-06-18,0,0.0
2018-06-19,1,0.656
2018-06-20,0,0.0
2018-06-21,0,0.0
2018-06-22,0,0.0
2018-06-23,0,0.0
2018-06-24,1,0.456
2018-06-25,0,0.0
2018-06-26,0,0.0
2018-06-27,0,0.0
2018-06-28,0,0.0
2018-06-29,0,0.0
2018-06-30,0,0.0
2018-07-01,0,0.0
2018-07-02,0,0.0
2018-07-03,3,2.896
2018-07-04,0,0.0
2018-07-05,0,0.0
2018-07-06,0,0.0
2018-07-07,0,0.0
2018-07-08,1,0.969
2018-07-09,0,0.0
2018-07-10,1,1.118
2018-07-11,0,0.0
2018-07-12,0,0.0
2018-07-13,0,0.0
2018-07-14,0,0.0
2018-07-15,0,0.0
2018-07-16,0,0.0
2018-07-17,0,0.0
2018-07-18,0,0.0
2018-07-19,0,0.0
2018-07-20,0,0.0
2018-07-21,0,0.0
2018-07-22,0,0.0
2018-07-23,0,0.0
2018-07-24,0,0.0
2018-07-25,0,0.0
2018-07-26,2,1.002
2018-07-27,0,0.0
2018-07-28,0,0.0
2018-07-29,0,0.0
2018-07-30,1,0.401
2018-07-31,0,0.0
2018-08-01,0,0.0
2018-08-02,2,2.932
2018-08-03,0,0.0
2018-08-04,0,0.0
2018-08-05,0,0.0
2018-08-06,0,0.0
2018-08-07,0,0.0
2018-08-08,0,0.0
2018-08-09,1,0.625
2018-08-10,0,0.0
2018-08-11,1,1.166
2018-08-12,0,0.0
2018-08-13,0,0.0
2018-08-14,0,0.0
2018-08-15,1,0.886
2018-08-16,0,0.0
2018-08-17,0,0.0
2018-08-18,0,0.0
2018-08-19,0,0.0
2018-08-20,0,0.0
2018-08-21,0,0.0
2018-08-22,0,0.0
2018-08-23,0,0.0
2018-08-24,0,0.0
2018-08-25,0,0.0
2018-08-26,0,0.0
2018-08-27,1,0.775
2018-08-28,0,0.0
2018-08-29,0,0.0
2018-08-30,0,0.0
2018-08-31,0,0.0
2018-09-01,0,0.0
2018-09-02,0,0.0
2018-09-03,0,0.0
2018-09-04,0,0.0
2018-09-05,0,0.0
2018-09-06,0,0.0
2018-09-07,0,0.0
2018-09-08,0,0.0
2018-09-09,0,0.0
2018-09-10,0,0.0
2018-09-11,0,0.0
2018-09-12,1,1.503
2018-09-13,0,0.0
2018-09-14,0,0.0
2018-09-15,0,0.0
2018-09-16,0,0.0
2018-09-17,0,0.0
2018-09-18,1,2.836
2018-09-19,0,0.0
2018-09-20,0,0.0
2018-09-21,1,0.795
2018-09-22,0,0.0
2018-09-23,0,0.0
2018-09-24,0,0.0
2018-09-25,1,0.672
2018-09-26,1,0.976
2018-09-27,0,0.0
2018-09-28,0,0.0
2018-09-29,0,0.0
2018-09-30,0,0.0
2018-10-01,0,0.0
2018-10-02,0,0.0
2018-10-03,0,0.0
2018-10-04,0,0.0
2018-10-05,0,0.0
2018-10-06,0,0.0
2018-10-07,0,0.0
2018-10-08,0,0.0
2018-10-09,2,1.631
2018-10-10,0,0.0
2018-10-11,1,1.491
2018-10-12,0,0.0
2018-10-13,0,0.0
2018-10-14,0,0.0
2018-10-15,0,0.0
2018-10-16,0,0.0
2018-10-17,0,0.0
2018-10-18,0,0.0
2018-10-19,0,0.0
2018-10-20,0,0.0
2018-10-21,1,1.828
2018-10-22,0,0.0
2018-10-23,0,0.0
2018-10-24,0,0.0
2018-10-25,0,0.0
2018-10-26,0,0.0
2018-10-27,0,0.0
2018-10-28,1,0.674
2018-10-29,0,0.0
2018-10-30,0,0.0
2018-10-31,0,0.0
2018-11-01,0,0.0
2018-11-02,0,0.0
2018-11-03,0,0.0
2018-11-04,0,0.0
2018-11-05,0,0.0
2018-11-06,0,0.0
2018-11-07,0,0.0
2018-11-08,0,0.0
2018-11-09,0,0.0
2018-11-10,0,0.0
2018-11-11,0,0.0
2018-11-12,1,0.732
2018-11-13,0,0.0
2018-11-14,0,0.0
2018-11-15,1,1.114
2018-11-16,0,0.0
2018-11-17,0,0.0
2018-11-18,0,0.0
2018-11-19,0,0.0
2018-11-20,0,0.0
2018-11-21,0,0.0
2018-11-22,2,2.0620000000000003
2018-11-23,0,0.0
2018-11-24,1,0.854
2018-11-25,0,0.0
2018-11-26,0,0.0
2018-11-27,0,0.0
2018-11-28,2,1.791
2018-11-29,0,0.0
2018-11-30,0,0.0
2018-12-01,0,0.0
2018-12-02,0,0.0
2018-12-03,0,0.0
2018-12-04,0,0.0
2018-12-05,0,0.0
2018-12-06,0,0.0
2018-12-07,2,1.71
2018-12-08,0,0.0
2018-12-09,0,0.0
2018-12-10,0,0.0
2018-12-11,0,0.0
2018-12-12,0,0.0
2018-12-13,0,0.0
2018-12-14,1,1.072
2018-12-15,0,0.0
2018-12-16,0,0.0
2018-12-17,0,0.0
2018-12-18,0,0.0
2018-12-19,0,0.0
2018-12-20,0,0.0
2018-12-21,1,1.119
2018-12-22,0,0.0
2018-12-23,0,0.0
2018-12-24,1,1.249
2018-12-25,0,0.0
2018-12-26,0,0.0
2018-12-27,0,0.0
2018-12-28,0,0.0
2018-12-29,0,0.0
2018-12-30,0,0.0
2018-12-31,0,0.0
2019-01-01,0,0.0
2019-01-02,1,1.0
2019-01-03,0,0.0
2019-01-04,0,0.0
2019-01-05,0,0.0
2019-01-06,0,0.0
2019-01-07,0,0.0
2019-01-08,1,0.971
2019-01-09,1,0.896
2019-01-10,0,0.0
2019-01-11,0,0.0
2019-01-12,0,0.0
2019-01-13,0,0.0
2019-01-14,0,0.0
2019-01-15,1,0.792
2019-01-16,0,0.0
2019-01-17,0,0.0
2019-01-18,0,0.0
2019-01-19,0,0.0
2019-01-20,0,0.0
2019-01-21,0,0.0
2019-01-22,1,1.038
2019-01-23,0,0.0
2019-01-24,0,0.0
2019-01-25,0,0.0
2019-01-26,0,0.0
2019-01-27,0,0.0
2019-01-28,0,0.0
2019-01-29,0,0.0
2019-01-30,0,0.0
2019-01-31,0,0.0
2019-02-01,0,0.0
2019-02-02,0,0.0
2019-02-03,1,0.882
2019-02-04,0,0.0
2019-02-05,0,0.0
2019-02-06,0,0.0
2019-02-07,2,1.8010000000000002
2019-02-08,0,0.0
2019-02-09,1,0.867
2019-02-10,1,1.076
2019-02-11,0,0.0
2019-02-12,0,0.0
2019-02-13,0,0.0
2019-02-14,0,0.0
2019-02-15,0,0.0
2019-02-16,0,0.0
2019-02-17,0,0.0
2019-02-18,0,0.0
2019-02-19,1,1.01
2019-02-20,0,0.0
2019-02-21,0,0.0
2019-02-22,0,0.0
2019-02-23,0,0.0
2019-02-24,0,0.0
2019-02-25,1,0.823
2019-02-26,1,0.861
2019-02-27,0,0.0
2019-02-28,0,0.0
2019-03-01,0,0.0
2019-03-02,0,0.0
2019-03-03,0,0.0
2019-03-04,0,0.0
2019-03-05,0,0.0
2019-03-06,0,0.0
2019-03-07,0,0.0
2019-03-08,0,0.0
2019-03-09,0,0.0
2019-03-10,0,0.0
2019-03-11,1,1.072
2019-03-12,0,0.0
2019-03-13,1,0.871
2019-03-14,2,2.3840000000000003
2019-03-15,0,0.0
2019-03-16,0,0.0
2019-03-17,0,0.0
2019-03-18,0,0.0
2019-03-19,0,0.0
2019-03-20,2,1.867
2019-03-21,0,0.0
2019-03-22,0,0.0
2019-03-23,1,0.951
2019-03-24,0,0.0
2019-03-25,0,0.0
2019-03-26,0,0.0
2019-03-27,0,0.0
2019-03-28,0,0.0
2019-03-29,0,0.0
2019-03-30,0,0.0
2019-03-31,0,0.0
2019-04-01,1,1.003
2019-04-02,0,0.0
2019-04-03,0,0.0
2019-04-04,0,0.0
2019-04-05,0,0.0
2019-04-06,0,0.0
2019-04-07,0,0.0
2019-04-08,0,0.0
2019-04-09,0,0.0
2019-04-10,0,0.0
2019-04-11,0,0.0
2019-04-12,1,0.937
2019-04-13,0,0.0
2019-04-14,0,0.0
2019-04-15,0,0.0
2019-04-16,0,0.0
2019-04-17,0,0.0
2019-04-18,0,0.0
2019-04-19,0,0.0
2019-04-20,0,0.0
2019-04-21,0,0.0
2019-04-22,0,0.0
2019-04-23,0,0.0
2019-04-24,1,0.955
2019-04-25,0,0.0
2019-04-26,0,0.0
2019-04-27,0,0.0
2019-04-28,1,1.06
2019-04-29,0,0.0
2019-04-30,0,0.0
2019-05-01,0,0.0
2019-05-02,0,0.0
2019-05-03,0,0.0
2019-05-04,0,0.0
2019-05-05,0,0.0
2019-05-06,0,0.0
2019-05-07,1,0.83
2019-05-08,0,0.0
2019-05-09,0,0.0
2019-05-10,0,0.0
2019-05-11,0,0.0
2019-05-12,0,0.0
2019-05-13,0,0.0
2019-05-14,0,0.0
2019-05-15,0,0.0
2019-05-16,0,0.0
2019-05-17,0,0.0
2019-05-18,0,0.0
2019-05-19,0,0.0
2019-05-20,0,0.0
2019-05-21,0,0.0
2019-05-22,0,0.0
2019-05-23,0,0.0
2019-05-24,0,0.0
2019-05-25,0,0.0
2019-05-26,0,0.0
2019-05-27,0,0.0
2019-05-28,0,0.0
2019-05-29,0,0.0
2019-05-30,0,0.0
2019-05-31,0,0.0
2019-06-01,0,0.0
2019-06-02,0,0.0
2019-06-03,0,0.0
2019-06-04,0,0.0
2019-06-05,0,0.0
2019-06-06,0,0.0
2019-06-07,0,0.0
2019-06-08,0,0.0
2019-06-09,0,0.0
2019-06-10,0,0.0
2019-06-11,0,0.0
2019-06-12,0,0.0
2019-06-13,0,0.0
2019-06-14,0,0.0
2019-06-15,1,0.685
2019-06-16,0,0.0
2019-06-17,0,0.0
2019-06-18,0,0.0
2019-06-19,0,0.0
2019-06-20,0,0.0
2019-06-21,0,0.0
2019-06-22,0,0.0
2019-06-23,0,0.0
2019-06-24,0,0.0
2019-06-25,0,0.0
2019-06-26,0,0.0
2019-06-27,0,0.0
2019-06-28,0,0.0
2019-06-29,0,0.0
2019-06-30,0,0.0
2019-07-01,0,0.0
2019-07-02,0,0.0
2019-07-03,0,0.0
2019-07-04,0,0.0
2019-07-05,0,0.0
2019-07-06,0,0.0
2019-07-07,0,0.0
2019-07-08,0,0.0
2019-07-09,0,0.0
2019-07-10,0,0.0
2019-07-11,0,0.0
2019-07-12,0,0.0
2019-07-13,1,0.736
2019-07-14,0,0.0
2019-07-15,0,0.0
2019-07-16,0,0.0
2019-07-17,0,0.0
2019-07-18,0,0.0
2019-07-19,0,0.0
2019-07-20,0,0.0
2019-07-21,0,0.0
2019-07-22,0,0.0
2019-07-23,0,0.0
2019-07-24,0,0.0
2019-07-25,0,0.0
2019-07-26,0,0.0
2019-07-27,0,0.0
2019-07-28,0,0.0
2019-07-29,0,0.0
2019-07-30,0,0.0
2019-07-31,0,0.0
2019-08-01,0,0.0
2019-08-02,0,0.0
2019-08-03,0,0.0
2019-08-04,0,0.0
2019-08-05,0,0.0
2019-08-06,0,0.0
2019-08-07,0,0.0
2019-08-08,0,0.0
2019-08-09,0,0.0
2019-08-10,0,0.0
2019-08-11,0,0.0
2019-08-12,0,0.0
2019-08-13,0,0.0
2019-08-14,0,0.0
2019-08-15,0,0.0
2019-08-16,0,0.0
2019-08-17,0,0.0
2019-08-18,0,0.0
2019-08-19,0,0.0
2019-08-20,0,0.0
2019-08-21,0,0.0
2019-08-22,0,0.0
2019-08-23,0,0.0
2019-08-24,0,0.0
2019-08-25,0,0.0
2019-08-26,0,0.0
2019-08-27,0,0.0
2019-08-28,0,0.0
2019-08-29,0,0.0
2019-08-30,0,0.0
2019-08-31,0,0.0
2019-09-01,0,0.0
2019-09-02,0,0.0
2019-09-03,0,0.0
2019-09-04,0,0.0
2019-09-05,0,0.0
2019-09-06,0,0.0
2019-09-07,0,0.0
2019-09-08,0,0.0
2019-09-09,0,0.0
2019-09-10,0,0.0
2019-09-11,0,0.0
2019-09-12,0,0.0
2019-09-13,0,0.0
2019-09-14,0,0.0
2019-09-15,0,0.0
2019-09-16,0,0.0
2019-09-17,0,0.0
2019-09-18,0,0.0
2019-09-19,0,0.0
2019-09-20,0,0.0
2019-09-21,0,0.0
2019-09-22,0,0.0
2019-09-23,0,0.0
2019-09-24,0,0.0
2019-09-25,0,0.0
2019-09-26,0,0.0
2019-09-27,0,0.0
2019-09-28,0,0.0
2019-09-29,0,0.0
2019-09-30,0,0.0
2019-10-01,0,0.0
2019-10-02,0,0.0
2019-10-03,0,0.0
2019-10-04,0,0.0
2019-10-05,0,0.0
2019-10-06,0,0.0
2019-10-07,0,0.0
2019-10-08,0,0.0
2019-10-09,0,0.0
2019-10-10,0,0.0
2019-10-11,0,0.0
2019-10-12,0,0.0
2019-10-13,0,0.0
2019-10-14,0,0.0
2019-10-15,0,0.0
2019-10-16,0,0.0
2019-10-17,0,0.0
2019-10-18,0,0.0
2019-10-19,0,0.0
2019-10-20,0,0.0
2019-10-21,0,0.0
2019-10-22,0,0.0
2019-10-23,0,0.0
2019-10-24,0,0.0
2019-10-25,0,0.0
2019-10-26,0,0.0
2019-10-27,0,0.0
2019-10-28,0,0.0
2019-10-29,0,0.0
2019-10-30,0,0.0
2019-10-31,0,0.0
2019-11-01,0,0.0
2019-11-02,0,0.0
2019-11-03,0,0.0
2019-11-04,0,0.0
2019-11-05,0,0.0
2019-11-06,0,0.0
2019-11-07,0,0.0
2019-11-08,0,0.0
2019-11-09,0,0.0
2019-11-10,0,0.0
2019-11-11,0,0.0
2019-11-12,0,0.0
2019-11-13,0,0.0
2019-11-14,0,0.0
2019-11-15,2,1.59
2019-11-16,0,0.0
2019-11-17,0,0.0
2019-11-18,0,0.0
2019-11-19,0,0.0
2019-11-20,0,0.0
2019-11-21,0,0.0
2019-11-22,0,0.0
2019-11-23,0,0.0
2019-11-24,0,0.0
2019-11-25,0,0.0
2019-11-26,0,0.0
2019-11-27,0,0.0
2019-11-28,0,0.0
2019-11-29,0,0.0
2019-11-30,0,0.0
2019-12-01,0,0.0
2019-12-02,0,0.0
2019-12-03,0,0.0
2019-12-04,0,0.0
2019-12-05,0,0.0
2019-12-06,0,0.0
2019-12-07,0,0.0
2019-12-08,0,0.0
2019-12-09,0,0.0
2019-12-10,0,0.0
2019-12-11,0,0.0
2019-12-12,0,0.0
2019-12-13,0,0.0
2019-12-14,0,0.0
2019-12-15,0,0.0
2019-12-16,0,0.0
2019-12-17,0,0.0
2019-12-18,0,0.0
2019-12-19,0,0.0
2019-12-20,0,0.0
2019-12-21,0,0.0
2019-12-22,0,0.0
2019-12-23,0,0.0
2019-12-24,0,0.0
2019-12-25,0,0.0
2019-12-26,0,0.0
2019-12-27,0,0.0
2019-12-28,0,0.0
2019-12-29,0,0.0
2019-12-30,0,0.0
2019-12-31,0,0.0
2020-01-01,0,0.0
2020-01-02,0,0.0
2020-01-03,0,0.0
2020-01-04,0,0.0
2020-01-05,0,0.0
2020-01-06,0,0.0
2020-01-07,0,0.0
2020-01-08,0,0.0
2020-01-09,0,0.0
2020-01-10,0,0.0
2020-01-11,0,0.0
2020-01-12,0,0.0
2020-01-13,0,0.0
2020-01-14,0,0.0
2020-01-15,0,0.0
2020-01-16,0,0.0
2020-01-17,0,0.0
2020-01-18,0,0.0
2020-01-19,0,0.0
2020-01-20,0,0.0
2020-01-21,0,0.0
2020-01-22,0,0.0
2020-01-23,0,0.0
2020-01-24,0,0.0
2020-01-25,0,0.0
2020-01-26,0,0.0
2020-01-27,0,0.0
2020-01-28,0,0.0
2020-01-29,0,0.0
2020-01-30,0,0.0
2020-01-31,0,0.0
2020-02-01,0,0.0
2020-02-02,0,0.0
2020-02-03,0,0.0
2020-02-04,0,0.0
2020-02-05,0,0.0
2020-02-06,0,0.0
2020-02-07,0,0.0
2020-02-08,0,0.0
2020-02-09,0,0.0
2020-02-10,0,0.0
2020-02-11,0,0.0
2020-02-12,0,0.0
2020-02-13,0,0.0
2020-02-14,0,0.0
2020-02-15,0,0.0
2020-02-16,0,0.0
2020-02-17,0,0.0
2020-02-18,0,0.0
2020-02-19,0,0.0
2020-02-20,0,0.0
2020-02-21,0,0.0
2020-02-22,0,0.0
2020-02-23,0,0.0
2020-02-24,0,0.0
2020-02-25,0,0.0
2020-02-26,0,0.0
2020-02-27,0,0.0
2020-02-28,0,0.0
2020-02-29,0,0.0
2020-03-01,0,0.0
2020-03-02,0,0.0
2020-03-03,0,0.0
2020-03-04,0,0.0
2020-03-05,0,0.0
2020-03-06,0,0.0
2020-03-07,0,0.0
2020-03-08,0,0.0
2020-03-09,0,0.0
2020-03-10,0,0.0
2020-03-11,0,0.0
2020-03-12,0,0.0
2020-03-13,0,0.0
2020-03-14,0,0.0
2020-03-15,0,0.0
2020-03-16,0,0.0
2020-03-17,0,0.0
2020-03-18,0,0.0
2020-03-19,0,0.0
2020-03-20,0,0.0
2020-03-21,0,0.0
2020-03-22,0,0.0
2020-03-23,0,0.0
2020-03-24,0,0.0
2020-03-25,0,0.0
2020-03-26,0,0.0
2020-03-27,0,0.0
2020-03-28,0,0.0
2020-03-29,0,0.0
2020-03-30,0,0.0
2020-03-31,0,0.0
2020-04-01,0,0.0
2020-04-02,0,0.0
2020-04-03,0,0.0
2020-04-04,0,0.0
2020-04-05,0,0.0
2020-04-06,0,0.0
2020-04-07,0,0.0
2020-04-08,0,0.0
2020-04-09,0,0.0
2020-04-10,0,0.0
2020-04-11,0,0.0
2020-04-12,0,0.0
2020-04-13,0,0.0
2020-04-14,0,0.0
2020-04-15,0,0.0
2020-04-16,0,0.0
2020-04-17,0,0.0
2020-04-18,0,0.0
2020-04-19,0,0.0
2020-04-20,0,0.0
2020-04-21,0,0.0
2020-04-22,0,0.0
2020-04-23,0,0.0
2020-04-24,0,0.0
2020-04-25,0,0.0
2020-04-26,0,0.0
2020-04-27,0,0.0
2020-04-28,0,0.0
2020-04-29,0,0.0
2020-04-30,0,0.0
2020-05-01,0,0.0
2020-05-02,0,0.0
2020-05-03,0,0.0
2020-05-04,0,0.0
2020-05-05,0,0.0
2020-05-06,0,0.0
2020-05-07,0,0.0
2020-05-08,0,0.0
2020-05-09,0,0.0
2020-05-10,0,0.0
2020-05-11,0,0.0
2020-05-12,0,0.0
2020-05-13,0,0.0
2020-05-14,0,0.0
2020-05-15,0,0.0
2020-05-16,0,0.0
2020-05-17,0,0.0
2020-05-18,0,0.0
2020-05-19,0,0.0
2020-05-20,0,0.0
2020-05-21,0,0.0
2020-05-22,0,0.0
2020-05-23,0,0.0
2020-05-24,0,0.0
2020-05-25,0,0.0
2020-05-26,0,0.0
2020-05-27,0,0.0
2020-05-28,0,0.0
2020-05-29,0,0.0
2020-05-30,0,0.0
2020-05-31,0,0.0
2020-06-01,0,0.0
2020-06-02,0,0.0
2020-06-03,0,0.0
2020-06-04,0,0.0
2020-06-05,0,0.0
2020-06-06,0,0.0
2020-06-07,0,0.0
2020-06-08,0,0.0
2020-06-09,0,0.0
2020-06-10,0,0.0
2020-06-11,0,0.0
2020-06-12,0,0.0
2020-06-13,0,0.0
2020-06-14,0,0.0
2020-06-15,0,0.0
2020-06-16,0,0.0
2020-06-17,0,0.0
2020-06-18,0,0.0
2020-06-19,0,0.0
2020-06-20,0,0.0
2020-06-21,0,0.0
2020-06-22,0,0.0
2020-06-23,0,0.0
2020-06-24,0,0.0
2020-06-25,0,0.0
2020-06-26,0,0.0
2020-06-27,0,0.0
2020-06-28,0,0.0
2020-06-29,0,0.0
2020-06-30,0,0.0
2020-07-01,0,0.0
2020-07-02,0,0.0
2020-07-03,0,0.0
2020-07-04,0,0.0
2020-07-05,0,0.0
2020-07-06,0,0.0
2020-07-07,0,0.0
2020-07-08,0,0.0
2020-07-09,0,0.0
2020-07-10,0,0.0
2020-07-11,0,0.0
2020-07-12,0,0.0
2020-07-13,0,0.0
2020-07-14,0,0.0
2020-07-15,0,0.0
2020-07-16,0,0.0
2020-07-17,0,0.0
2020-07-18,0,0.0
2020-07-19,0,0.0
2020-07-20,0,0.0
2020-07-21,0,0.0
2020-07-22,0,0.0
2020-07-23,0,0.0
2020-07-24,0,0.0
2020-07-25,0,0.0
2020-07-26,0,0.0
2020-07-27,0,0.0
2020-07-28,0,0.0
2020-07-29,0,0.0
2020-07-30,0,0.0
2020-07-31,0,0.0
2020-08-01,0,0.0
2020-08-02,0,0.0
2020-08-03,0,0.0
2020-08-04,0,0.0
2020-08-05,0,0.0
2020-08-06,0,0.0
2020-08-07,0,0.0
2020-08-08,0,0.0
2020-08-09,0,0.0
2020-08-10,0,0.0
2020-08-11,0,0.0
2020-08-12,0,0.0
2020-08-13,0,0.0
2020-08-14,0,0.0
2020-08-15,0,0.0
2020-08-16,0,0.0
2020-08-17,0,0.0
2020-08-18,0,0.0
2020-08-19,0,0.0
2020-08-20,0,0.0
2020-08-21,0,0.0
2020-08-22,0,0.0
2020-08-23,0,0.0
2020-08-24,0,0.0
2020-08-25,0,0.0
2020-08-26,0,0.0
2020-08-27,0,0.0
2020-08-28,0,0.0
2020-08-29,0,0.0
2020-08-30,0,0.0
2020-08-31,0,0.0
2020-09-01,0,0.0
2020-09-02,0,0.0
2020-09-03,0,0.0
2020-09-04,0,0.0
2020-09-05,0,0.0
2020-09-06,0,0.0
2020-09-07,0,0.0
2020-09-08,0,0.0
2020-09-09,0,0.0
2020-09-10,0,0.0
2020-09-11,0,0.0
2020-09-12,0,0.0
2020-09-13,0,0.0
2020-09-14,0,0.0
2020-09-15,0,0.0
2020-09-16,0,0.0
2020-09-17,0,0.0
2020-09-18,0,0.0
2020-09-19,0,0.0
2020-09-20,0,0.0
2020-09-21,0,0.0
2020-09-22,0,0.0
2020-09-23,0,0.0
2020-09-24,0,0.0
2020-09-25,0,0.0
2020-09-26,0,0.0
2020-09-27,0,0.0
2020-09-28,0,0.0
2020-09-29,0,0.0
2020-09-30,0,0.0
2020-10-01,0,0.0
2020-10-02,0,0.0
2020-10-03,0,0.0
2020-10-04,0,0.0
2020-10-05,0,0.0
2020-10-06,0,0.0
2020-10-07,0,0.0
2020-10-08,0,0.0
2020-10-09,0,0.0
2020-10-10,0,0.0
2020-10-11,0,0.0
2020-10-12,0,0.0
2020-10-13,0,0.0
2020-10-14,0,0.0
2020-10-15,0,0.0
2020-10-16,0,0.0
2020-10-17,0,0.0
2020-10-18,0,0.0
2020-10-19,0,0.0
2020-10-20,0,0.0
2020-10-21,0,0.0
2020-10-22,0,0.0
2020-10-23,0,0.0
2020-10-24,0,0.0
2020-10-25,0,0.0
2020-10-26,0,0.0
2020-10-27,0,0.0
2020-10-28,0,0.0
2020-10-29,0,0.0
2020-10-30,0,0.0
2020-10-31,0,0.0
2020-11-01,0,0.0
2020-11-02,0,0.0
2020-11-03,0,0.0
2020-11-04,0,0.0
2020-11-05,0,0.0
2020-11-06,0,0.0
2020-11-07,0,0.0
2020-11-08,0,0.0
2020-11-09,0,0.0
2020-11-10,0,0.0
2020-11-11,0,0.0
2020-11-12,0,0.0
2020-11-13,0,0.0
2020-11-14,0,0.0
2020-11-15,0,0.0
2020-11-16,0,0.0
2020-11-17,0,0.0
2020-11-18,0,0.0
2020-11-19,0,0.0
2020-11-20,0,0.0
2020-11-21,0,0.0
2020-11-22,0,0.0
2020-11-23,0,0.0
2020-11-24,0,0.0
2020-11-25,0,0.0
2020-11-26,0,0.0
2020-11-27,0,0.0
2020-11-28,0,0.0
2020-11-29,0,0.0
2020-11-30,0,0.0
2020-12-01,0,0.0
2020-12-02,0,0.0
2020-12-03,0,0.0
2020-12-04,0,0.0
2020-12-05,0,0.0
2020-12-06,0,0.0
2020-12-07,0,0.0
2020-12-08,0,0.0
2020-12-09,0,0.0
2020-12-10,0,0.0
2020-12-11,0,0.0
2020-12-12,0,0.0
2020-12-13,0,0.0
2020-12-14,0,0.0
2020-12-15,0,0.0
2020-12-16,0,0.0
2020-12-17,0,0.0
2020-12-18,0,0.0
2020-12-19,0,0.0
2020-12-20,0,0.0
2020-12-21,0,0.0
2020-12-22,0,0.0
2020-12-23,0,0.0
2020-12-24,0,0.0
2020-12-25,0,0.0
2020-12-26,0,0.0
2020-12-27,0,0.0
2020-12-28,0,0.0
2020-12-29,0,0.0
2020-12-30,0,0.0
2020-12-31,0,0.0
2021-01-01,0,0.0
2021-01-02,0,0.0
2021-01-03,0,0.0
2021-01-04,0,0.0
2021-01-05,0,0.0
2021-01-06,0,0.0
2021-01-07,0,0.0
2021-01-08,0,0.0
2021-01-09,0,0.0
2021-01-10,0,0.0
2021-01-11,0,0.0
2021-01-12,0,0.0
2021-01-13,0,0.0
2021-01-14,0,0.0
2021-01-15,0,0.0
2021-01-16,0,0.0
2021-01-17,0,0.0
2021-01-18,0,0.0
2021-01-19,0,0.0
2021-01-20,0,0.0
2021-01-21,0,0.0
2021-01-22,0,0.0
2021-01-23,0,0.0
2021-01-24,0,0.0
2021-01-25,0,0.0
2021-01-26,0,0.0
2021-01-27,0,0.0
2021-01-28,0,0.0
2021-01-29,0,0.0
2021-01-30,0,0.0
2021-01-31,0,0.0
2021-02-01,0,0.0
2021-02-02,0,0.0
2021-02-03,0,0.0
2021-02-04,0,0.0
2021-02-05,0,0.0
2021-02-06,0,0.0
2021-02-07,0,0.0
2021-02-08,0,0.0
2021-02-09,0,0.0
2021-02-10,0,0.0
2021-02-11,0,0.0
2021-02-12,0,0.0
2021-02-13,0,0.0
2021-02-14,0,0.0
2021-02-15,0,0.0
2021-02-16,0,0.0
2021-02-17,0,0.0
2021-02-18,0,0.0
2021-02-19,0,0.0
2021-02-20,0,0.0
2021-02-21,0,0.0
2021-02-22,0,0.0
2021-02-23,0,0.0
2021-02-24,0,0.0
2021-02-25,0,0.0
2021-02-26,0,0.0
2021-02-27,0,0.0
2021-02-28,0,0.0
2021-03-01,0,0.0
2021-03-02,0,0.0
2021-03-03,0,0.0
2021-03-04,0,0.0
2021-03-05,0,0.0
2021-03-06,0,0.0
2021-03-07,0,0.0
2021-03-08,0,0.0
2021-03-09,0,0.0
2021-03-10,0,0.0
2021-03-11,0,0.0
2021-03-12,0,0.0
2021-03-13,0,0.0
2021-03-14,0,0.0
2021-03-15,0,0.0
2021-03-16,0,0.0
2021-03-17,0,0.0
2021-03-18,0,0.0
2021-03-19,0,0.0
2021-03-20,0,0.0
2021-03-21,0,0.0
2021-03-22,0,0.0
2021-03-23,0,0.0
2021-03-24,0,0.0
2021-03-25,0,0.0
2021-03-26,0,0.0
2021-03-27,0,0.0
2021-03-28,0,0.0
2021-03-29,0,0.0
2021-03-30,0,0.0
2021-03-31,0,0.0
2021-04-01,0,0.0
2021-04-02,0,0.0
2021-04-03,0,0.0
2021-04-04,0,0.0
2021-04-05,0,0.0
2021-04-06,0,0.0
2021-04-07,0,0.0
2021-04-08,0,0.0
2021-04-09,0,0.0
2021-04-10,0,0.0
2021-04-11,0,0.0
2021-04-12,0,0.0
2021-04-13,0,0.0
2021-04-14,0,0.0
2021-04-15,0,0.0
2021-04-16,0,0.0
2021-04-17,0,0.0
2021-04-18,0,0.0
2021-04-19,0,0.0
2021-04-20,0,0.0
2021-04-21,0,0.0
2021-04-22,0,0.0
2021-04-23,0,0.0
2021-04-24,0,0.0
2021-04-25,0,0.0
2021-04-26,0,0.0
2021-04-27,0,0.0
2021-04-28,0,0.0
2021-04-29,0,0.0
2021-04-30,0,0.0
2021-05-01,0,0.0
2021-05-02,0,0.0
2021-05-03,0,0.0
2021-05-04,0,0.0
2021-05-05,0,0.0
2021-05-06,0,0.0
2021-05-07,0,0.0
2021-05-08,0,0.0
2021-05-09,0,0.0
2021-05-10,0,0.0
2021-05-11,0,0.0
2021-05-12,0,0.0
2021-05-13,0,0.0
2021-05-14,0,0.0
2021-05-15,0,0.0
2021-05-16,0,0.0
2021-05-17,0,0.0
2021-05-18,0,0.0
2021-05-19,0,0.0
2021-05-20,0,0.0
2021-05-21,0,0.0
2021-05-22,0,0.0
2021-05-23,0,0.0
2021-05-24,0,0.0
2021-05-25,0,0.0
2021-05-26,0,0.0
2021-05-27,0,0.0
2021-05-28,0,0.0
2021-05-29,0,0.0
2021-05-30,0,0.0
2021-05-31,0,0.0
2021-06-01,0,0.0
2021-06-02,0,0.0
2021-06-03,0,0.0
2021-06-04,0,0.0
2021-06-05,0,0.0
2021-06-06,0,0.0
2021-06-07,0,0.0
2021-06-08,0,0.0
2021-06-09,0,0.0
2021-06-10,0,0.0
2021-06-11,0,0.0
2021-06-12,0,0.0
2021-06-13,0,0.0
2021-06-14,0,0.0
2021-06-15,0,0.0
2021-06-16,0,0.0
2021-06-17,0,0.0
2021-06-18,0,0.0
2021-06-19,0,0.0
2021-06-20,0,0.0
2021-06-21,0,0.0
2021-06-22,0,0.0
2021-06-23,0,0.0
2021-06-24,0,0.0
2021-06-25,0,0.0
2021-06-26,0,0.0
2021-06-27,0,0.0
2021-06-28,0,0.0
2021-06-29,0,0.0
2021-06-30,0,0.0
2021-07-01,0,0.0
2021-07-02,0,0.0
2021-07-03,0,0.0
2021-07-04,0,0.0
2021-07-05,0,0.0
2021-07-06,0,0.0
2021-07-07,0,0.0
2021-07-08,0,0.0
2021-07-09,0,0.0
2021-07-10,0,0.0
2021-07-11,0,0.0
2021-07-12,0,0.0
2021-07-13,0,0.0
2021-07-14,0,0.0
2021-07-15,0,0.0
2021-07-16,0,0.0
2021-07-17,0,0.0
2021-07-18,0,0.0
2021-07-19,0,0.0
2021-07-20,0,0.0
2021-07-21,0,0.0
2021-07-22,0,0.0
2021-07-23,0,0.0
2021-07-24,0,0.0
2021-07-25,0,0.0
2021-07-26,0,0.0
2021-07-27,0,0.0
2021-07-28,0,0.0
2021-07-29,0,0.0
2021-07-30,0,0.0
2021-07-31,0,0.0
2021-08-01,0,0.0
2021-08-02,0,0.0
2021-08-03,0,0.0
2021-08-04,0,0.0
2021-08-05,0,0.0
2021-08-06,0,0.0
2021-08-07,0,0.0
2021-08-08,0,0.0
2021-08-09,0,0.0
2021-08-10,0,0.0
2021-08-11,0,0.0
2021-08-12,0,0.0
2021-08-13,0,0.0
2021-08-14,0,0.0
2021-08-15,0,0.0
2021-08-16,0,0.0
2021-08-17,0,0.0
2021-08-18,0,0.0
2021-08-19,0,0.0
2021-08-20,0,0.0
2021-08-21,0,0.0
2021-08-22,0,0.0
2021-08-23,0,0.0
2021-08-24,0,0.0
2021-08-25,0,0.0
2021-08-26,0,0.0
2021-08-27,0,0.0
2021-08-28,0,0.0
2021-08-29,0,0.0
2021-08-30,0,0.0
2021-08-31,0,0.0
2021-09-01,0,0.0
2021-09-02,0,0.0
2021-09-03,0,0.0
2021-09-04,0,0.0
2021-09-05,0,0.0
2021-09-06,0,0.0
2021-09-07,0,0.0
2021-09-08,0,0.0
2021-09-09,0,0.0
2021-09-10,0,0.0
2021-09-11,0,0.0
2021-09-12,0,0.0
2021-09-13,0,0.0
2021-09-14,0,0.0
2021-09-15,0,0.0
2021-09-16,0,0.0
2021-09-17,0,0.0
2021-09-18,0,0.0
2021-09-19,0,0.0
2021-09-20,0,0.0
2021-09-21,0,0.0
2021-09-22,0,0.0
2021-09-23,0,0.0
2021-09-24,0,0.0
2021-09-25,0,0.0
2021-09-26,0,0.0
2021-09-27,0,0.0
2021-09-28,0,0.0
2021-09-29,0,0.0
2021-09-30,0,0.0
2021-10-01,0,0.0
2021-10-02,0,0.0
2021-10-03,0,0.0
2021-10-04,0,0.0
2021-10-05,0,0.0
2021-10-06,0,0.0
2021-10-07,0,0.0
2021-10-08,0,0.0
2021-10-09,0,0.0
2021-10-10,0,0.0
2021-10-11,0,0.0
2021-10-12,0,0.0
2021-10-13,0,0.0
2021-10-14,0,0.0
2021-10-15,0,0.0
2021-10-16,0,0.0
2021-10-17,0,0.0
2021-10-18,0,0.0
2021-10-19,0,0.0
2021-10-20,0,0.0
2021-10-21,0,0.0
2021-10-22,0,0.0
2021-10-23,0,0.0
2021-10-24,0,0.0
2021-10-25,0,0.0
2021-10-26,0,0.0
2021-10-27,0,0.0
2021-10-28,0,0.0
2021-10-29,0,0.0
2021-10-30,0,0.0
2021-10-31,0,0.0
2021-11-01,0,0.0
2021-11-02,0,0.0
2021-11-03,0,0.0
2021-11-04,0,0.0
2021-11-05,0,0.0
2021-11-06,0,0.0
2021-11-07,0,0.0
2021-11-08,0,0.0
2021-11-09,0,0.0
2021-11-10,0,0.0
2021-11-11,0,0.0
2021-11-12,0,0.0
2021-11-13,0,0.0
2021-11-14,0,0.0
2021-11-15,0,0.0
2021-11-16,0,0.0
2021-11-17,0,0.0
2021-11-18,0,0.0
2021-11-19,0,0.0
2021-11-20,0,0.0
2021-11-21,0,0.0
2021-11-22,0,0.0
2021-11-23,0,0.0
2021-11-24,0,0.0
2021-11-25,0,0.0
2021-11-26,0,0.0
2021-11-27,0,0.0
2021-11-28,0,0.0
2021-11-29,1,0.814
