fecha,longitude,latitude,radiance
2021-12-07 18:25:00,-119.293159,37.097767,1.828
2021-12-03 18:50:00,-119.350548,37.108692,4.76
2021-11-17 20:35:00,-119.379776,37.074448,2.799
2021-11-17 18:50:00,-119.371399,37.06926,6.092
2021-11-17 18:50:00,-119.382553,37.071018,4.852
2021-11-10 18:45:00,-119.158478,37.126316,2.565
2021-11-10 18:45:00,-119.317574,37.131054,3.148
2021-10-19 21:05:00,-119.247276,37.132317,6.855
2021-10-19 21:05:00,-119.249336,37.141182,2.57
2021-06-30 06:25:00,-119.25177,37.020229,5.185
2021-06-30 06:25:00,-119.253197,37.032585,2.83
2021-06-30 06:25:00,-119.274147,37.018372,1.759
2021-06-30 06:25:00,-119.277184,37.030571,1.249
2020-10-21 06:05:00,-119.23671,37.281754,0.691
2020-10-19 21:35:00,-119.092949,37.378063,3.6
2020-10-19 21:35:00,-119.113136,37.363743,3.194
2020-10-19 06:15:00,-119.109985,37.365208,0.852
2020-10-19 06:15:00,-119.117126,37.371872,0.836
2020-10-18 05:35:00,-119.107414,37.370934,1.0
2020-10-16 21:05:00,-119.098236,37.37746,5.625
2020-10-16 21:05:00,-119.109337,37.375858,12.038
2020-10-16 21:05:00,-119.120445,37.374252,7.84
2020-10-16 19:25:00,-119.113106,37.376053,2.65
2020-10-16 11:00:00,-119.08358,37.378506,1.0
2020-10-16 11:00:00,-119.108505,37.373131,0.823
2020-10-16 05:45:00,-119.081337,37.377708,0.861
2020-10-16 05:45:00,-119.09481,37.375423,1.217
2020-10-16 05:45:00,-119.101585,37.377357,2.234
2020-10-16 05:45:00,-119.108292,37.373138,2.93
2020-10-16 05:45:00,-119.115234,37.374969,1.837
2020-10-13 18:55:00,-119.076622,37.374767,3.135
2020-10-07 21:10:00,-119.079506,37.361488,2.948
2020-10-07 21:10:00,-119.081619,37.370483,4.217
2020-10-07 21:10:00,-119.093002,37.368996,3.808
2020-10-07 21:10:00,-119.144058,37.32526,4.415
2020-10-07 21:10:00,-119.238327,37.331371,4.037
2020-10-06 06:45:00,-119.09005,37.355644,0.738
2020-10-05 21:20:00,-119.082947,37.35902,5.451
2020-10-05 21:20:00,-119.207726,37.276615,3.371
2020-10-05 10:20:00,-119.113403,37.318325,1.378
2020-10-05 10:20:00,-119.193756,37.276493,0.924
2020-10-05 10:20:00,-119.204391,37.27776,1.225
2020-10-05 10:20:00,-119.210915,37.279869,0.976
2020-10-04 20:40:00,-119.192932,37.27087,2.615
2020-10-04 09:35:00,-119.108383,37.316429,0.75
2020-10-04 09:35:00,-119.152924,37.342434,1.385
2020-10-04 09:35:00,-119.170418,37.333607,1.496
2020-10-04 09:35:00,-119.200699,37.278503,0.924
2020-10-04 05:20:00,-119.166443,37.335476,1.226
2020-10-04 05:20:00,-119.168663,37.325985,0.808
2020-10-04 05:20:00,-119.175629,37.339119,0.833
2020-10-03 21:35:00,-119.155525,37.340591,8.551
2020-10-03 21:35:00,-119.178116,37.326122,3.805
2020-10-03 06:15:00,-119.082077,37.354641,0.814
2020-10-03 06:15:00,-119.098297,37.36343,0.889
2020-10-03 06:15:00,-119.119812,37.32238,0.779
2020-10-03 06:15:00,-119.160446,37.3465,1.384
2020-10-03 06:15:00,-119.161995,37.356766,0.874
2020-10-03 06:15:00,-119.173828,37.334682,1.573
2020-10-03 06:15:00,-119.182076,37.326073,1.469
2020-10-03 06:15:00,-119.182625,37.336449,1.664
2020-10-03 06:15:00,-119.18811,37.333195,1.674
2020-10-03 06:15:00,-119.196877,37.334896,1.031
2020-10-03 06:15:00,-119.203117,37.342037,0.949
2020-10-02 20:50:00,-119.075539,37.346458,3.236
2020-10-02 20:50:00,-119.107216,37.321136,3.676
2020-10-02 20:50:00,-119.120094,37.318913,2.595
2020-10-02 20:50:00,-119.177467,37.328941,2.827
2020-10-02 05:35:00,-119.172829,37.33633,0.908
2020-10-02 05:35:00,-119.193199,37.332207,1.056
2020-09-30 21:05:00,-119.104134,37.343864,4.068
2020-09-30 21:05:00,-119.181602,37.33263,5.722
2020-09-30 21:05:00,-119.192696,37.331028,3.187
2020-09-29 06:40:00,-119.183731,37.341839,0.826
2020-09-28 21:15:00,-119.086426,37.33881,7.816
2020-09-28 21:15:00,-119.099632,37.337227,3.517
2020-09-28 21:15:00,-119.162888,37.353874,3.787
2020-09-28 21:15:00,-119.198448,37.340004,4.994
2020-09-28 21:15:00,-119.210381,37.338604,3.125
2020-09-28 10:15:00,-119.092407,37.328625,0.858
2020-09-28 10:15:00,-119.121643,37.334061,1.145
2020-09-28 10:15:00,-119.12587,37.324127,1.381
2020-09-28 10:15:00,-119.145821,37.35994,0.872
2020-09-28 10:15:00,-119.161285,37.362782,1.718
2020-09-28 10:15:00,-119.195007,37.347672,1.222
2020-09-28 10:15:00,-119.20929,37.214874,0.809
2020-09-28 10:15:00,-119.223541,37.217548,2.442
2020-09-28 10:15:00,-119.436668,37.278408,1.035
2020-09-27 09:30:00,-119.077263,37.340298,0.83
2020-09-27 09:30:00,-119.083717,37.332661,0.799
2020-09-27 05:15:00,-119.086029,37.334576,0.924
2020-09-27 05:15:00,-119.08857,37.331245,0.845
2020-09-26 21:30:00,-119.094002,37.31937,3.746
2020-09-26 10:25:00,-119.172768,37.342739,0.785
2020-09-26 06:10:00,-119.082809,37.326694,2.442
2020-09-26 06:10:00,-119.084213,37.336246,1.422
2020-09-26 06:10:00,-119.085503,37.345814,0.808
2020-09-26 06:10:00,-119.096176,37.325115,1.598
2020-09-26 06:10:00,-119.108803,37.323624,1.831
2020-09-26 06:10:00,-119.166695,37.355495,1.384
2020-09-26 06:10:00,-119.168259,37.364994,1.444
2020-09-26 06:10:00,-119.176193,37.334984,1.006
2020-09-26 06:10:00,-119.177185,37.344555,1.853
2020-09-26 06:10:00,-119.178558,37.354076,0.786
2020-09-26 06:10:00,-119.189537,37.343075,1.652
2020-09-26 06:10:00,-119.202011,37.341576,0.88
2020-09-26 06:10:00,-119.215454,37.349644,0.786
2020-09-26 06:10:00,-119.221916,37.208881,1.056
2020-09-26 06:10:00,-119.442039,37.264557,2.76
2020-09-26 06:10:00,-119.444069,37.273891,1.428
2020-09-26 06:10:00,-119.446106,37.283226,2.458
2020-09-26 06:10:00,-119.448196,37.292553,1.157
2020-09-25 20:45:00,-119.08226,37.317444,16.168
2020-09-25 19:05:00,-119.088104,37.326752,3.129
2020-09-25 19:05:00,-119.176025,37.343155,3.333
2020-09-25 20:45:00,-119.18795,37.340984,3.205
2020-09-25 19:05:00,-119.189651,37.345695,2.637
2020-09-25 09:40:00,-119.076004,37.325672,1.724
2020-09-25 09:40:00,-119.08033,37.338486,2.196
2020-09-25 09:40:00,-119.081459,37.3288,4.318
2020-09-25 09:40:00,-119.088196,37.327148,1.43
2020-09-25 09:40:00,-119.094055,37.330288,2.629
2020-09-25 09:40:00,-119.101364,37.328754,1.783
2020-09-25 09:40:00,-119.107727,37.331894,1.572
2020-09-25 09:40:00,-119.154808,37.366997,0.941
2020-09-25 09:40:00,-119.168114,37.368572,0.969
2020-09-25 09:40:00,-119.170219,37.358955,0.775
2020-09-25 09:40:00,-119.172096,37.349312,1.184
2020-09-25 09:40:00,-119.186119,37.350952,1.184
2020-09-25 09:40:00,-119.187325,37.341225,1.073
2020-09-25 09:40:00,-119.199997,37.352577,0.969
2020-09-25 09:40:00,-119.213913,37.354206,0.889
2020-09-25 09:40:00,-119.438263,37.289501,1.083
2020-09-25 09:40:00,-119.440346,37.279755,1.579
2020-09-25 09:40:00,-119.446251,37.278145,1.121
2020-09-25 05:30:00,-119.080284,37.324585,3.371
2020-09-25 05:30:00,-119.084694,37.324711,2.678
2020-09-25 05:30:00,-119.085327,37.336777,1.633
2020-09-25 05:30:00,-119.090126,37.3368,1.532
2020-09-25 05:30:00,-119.101044,37.320183,1.031
2020-09-25 05:30:00,-119.10614,37.320038,0.798
2020-09-25 05:30:00,-119.10788,37.33202,1.315
2020-09-25 05:30:00,-119.112999,37.331833,1.012
2020-09-25 05:30:00,-119.193954,37.340942,1.031
2020-09-25 05:30:00,-119.43895,37.287678,0.83
2020-09-24 10:35:00,-119.088387,37.332859,0.937
2020-09-24 10:35:00,-119.094612,37.336155,0.896
2020-09-24 10:35:00,-119.220398,37.207867,1.045
2020-09-24 10:35:00,-119.225845,37.210495,0.809
2020-09-24 06:25:00,-119.077515,37.323895,0.871
2020-09-24 06:25:00,-119.07856,37.335274,2.31
2020-09-24 06:25:00,-119.098122,37.344955,0.852
2020-09-24 06:25:00,-119.098434,37.333458,3.104
2020-09-24 06:25:00,-119.116592,37.331799,1.419
2020-09-24 06:25:00,-119.174614,37.349297,1.242
2020-09-24 06:25:00,-119.191673,37.347706,1.312
2020-09-24 06:25:00,-119.214996,37.209347,1.163
2020-09-24 06:25:00,-119.220032,37.208668,1.856
2020-09-24 06:25:00,-119.226997,37.355782,0.798
2020-09-24 06:25:00,-119.230072,37.207905,2.889
2020-09-24 06:25:00,-119.234665,37.207325,1.548
2020-09-24 06:25:00,-119.4366,37.29084,0.886
2020-09-24 06:25:00,-119.447449,37.288586,2.631
2020-09-23 21:00:00,-119.104347,37.349991,2.834
2020-09-23 21:00:00,-119.135948,37.335602,2.532
2020-09-23 21:00:00,-119.196953,37.270184,3.465
2020-09-23 21:00:00,-119.226593,37.211014,6.387
2020-09-23 21:00:00,-119.337448,37.008125,18.733
2020-09-23 21:00:00,-119.348549,37.006336,12.923
2020-09-23 19:20:00,-119.213722,37.20285,3.293
2020-09-23 19:20:00,-119.22686,37.209538,6.612
2020-09-23 19:20:00,-119.231285,37.206558,4.319
2020-09-23 09:55:00,-119.084877,37.34771,0.861
2020-09-23 09:55:00,-119.086876,37.338844,1.457
2020-09-23 09:55:00,-119.093971,37.3582,0.82
2020-09-23 09:55:00,-119.09597,37.349335,2.14
2020-09-23 09:55:00,-119.097969,37.340469,3.177
2020-09-23 09:55:00,-119.09996,37.331604,2.674
2020-09-23 09:55:00,-119.10508,37.359825,1.308
2020-09-23 09:55:00,-119.107071,37.350956,1.555
2020-09-23 09:55:00,-119.10907,37.342091,2.082
2020-09-23 09:55:00,-119.111061,37.333229,3.208
2020-09-23 09:55:00,-119.122154,37.33485,1.846
2020-09-23 09:55:00,-119.160522,37.367912,0.896
2020-09-23 09:55:00,-119.162521,37.359047,0.833
2020-09-23 09:55:00,-119.173653,37.360672,1.288
2020-09-23 09:55:00,-119.175659,37.351807,1.77
2020-09-23 09:55:00,-119.18679,37.353424,0.91
2020-09-23 09:55:00,-119.197914,37.355042,0.83
2020-09-23 09:55:00,-119.209053,37.356663,1.17
2020-09-23 09:55:00,-119.220009,37.210255,5.531
2020-09-23 09:55:00,-119.220184,37.358276,0.858
2020-09-23 09:55:00,-119.222015,37.201393,1.069
2020-09-23 09:55:00,-119.231133,37.211884,1.374
2020-09-23 09:55:00,-119.231316,37.359894,0.858
2020-09-23 09:55:00,-119.333694,37.014759,2.057
2020-09-23 09:55:00,-119.344742,37.016361,2.858
2020-09-23 09:55:00,-119.42363,37.294724,0.833
2020-09-23 09:55:00,-119.425613,37.285847,0.931
2020-09-23 09:55:00,-119.434792,37.296326,1.173
2020-09-23 09:55:00,-119.43679,37.287445,1.572
2020-09-23 09:55:00,-119.445915,37.29792,1.822
2020-09-23 05:40:00,-119.089813,37.341011,2.052
2020-09-23 05:40:00,-119.093758,37.351173,1.107
2020-09-23 05:40:00,-119.098114,37.345757,2.631
2020-09-23 05:40:00,-119.100708,37.32811,1.123
2020-09-23 05:40:00,-119.101784,37.355953,1.422
2020-09-23 05:40:00,-119.10524,37.338173,4.625
2020-09-23 05:40:00,-119.109207,37.348339,2.354
2020-09-23 05:40:00,-119.113464,37.34285,1.951
2020-09-23 05:40:00,-119.116501,37.325195,1.308
2020-09-23 05:40:00,-119.116882,37.353107,1.041
2020-09-23 05:40:00,-119.120491,37.335361,3.11
2020-09-23 05:40:00,-119.128052,37.340092,1.119
2020-09-23 05:40:00,-119.134796,37.332714,1.176
2020-09-23 05:40:00,-119.138268,37.342983,1.23
2020-09-23 05:40:00,-119.14241,37.337376,0.748
2020-09-23 05:40:00,-119.145271,37.347755,0.776
2020-09-23 05:40:00,-119.164734,37.355,0.88
2020-09-23 05:40:00,-119.182259,37.351692,1.856
2020-09-23 05:40:00,-119.1987,37.348583,1.028
2020-09-23 05:40:00,-119.219139,37.35569,1.252
2020-09-23 05:40:00,-119.235611,37.352585,0.855
2020-09-23 05:40:00,-119.335251,37.00486,1.938
2020-09-23 05:40:00,-119.337891,37.015499,0.978
2020-09-23 05:40:00,-119.428978,37.289246,0.927
2020-09-23 05:40:00,-119.436401,37.292271,1.075
2020-09-22 21:55:00,-119.106369,37.328571,25.532
2020-09-22 21:55:00,-119.154953,37.326717,14.431
2020-09-21 21:10:00,-119.117706,37.337536,41.809
2020-09-21 21:10:00,-119.122932,37.364647,4.241
2020-09-21 21:10:00,-119.127869,37.326939,3.122
2020-09-21 21:10:00,-119.129509,37.335979,87.52
2020-09-21 21:10:00,-119.134796,37.363064,4.72
2020-09-21 21:10:00,-119.141258,37.334431,21.829
2020-09-21 21:10:00,-119.146484,37.361511,4.56
2020-09-21 21:10:00,-119.158302,37.359936,5.84
2020-09-21 21:10:00,-119.167183,37.266159,3.798
2020-09-21 21:10:00,-119.169487,37.358467,2.747
2020-09-21 21:10:00,-119.174812,37.191231,3.097
2020-09-21 21:10:00,-119.176758,37.200214,7.663
2020-09-21 21:10:00,-119.180656,37.356998,2.882
2020-09-21 21:10:00,-119.186203,37.189735,7.812
2020-09-21 21:10:00,-119.188072,37.198727,8.551
2020-09-21 21:10:00,-119.188713,37.171936,7.514
2020-09-21 21:10:00,-119.191925,37.355515,2.775
2020-09-21 21:10:00,-119.197533,37.188248,4.488
2020-09-21 21:10:00,-119.199455,37.197227,10.198
2020-09-21 21:10:00,-119.203178,37.354031,3.094
2020-09-21 21:10:00,-119.214478,37.352535,3.735
2020-09-21 21:10:00,-119.225845,37.351028,10.343
2020-09-21 21:10:00,-119.237137,37.349533,11.487
2020-09-21 21:10:00,-119.246681,37.274372,2.834
2020-09-21 21:10:00,-119.344414,37.012428,26.589
2020-09-21 21:10:00,-119.346451,37.021374,3.357
2020-09-21 21:10:00,-119.356049,37.010872,10.641
2020-09-21 21:10:00,-119.421631,37.278801,6.301
2020-09-21 21:10:00,-119.42363,37.287739,8.506
2020-09-21 21:10:00,-119.432838,37.277302,7.355
2020-09-21 21:10:00,-119.434799,37.286243,5.632
2020-09-21 21:10:00,-119.436752,37.295189,2.973
2020-09-21 21:10:00,-119.448082,37.293667,8.977
2020-09-21 19:30:00,-119.124573,37.352661,4.108
2020-09-21 19:30:00,-119.130127,37.354267,3.006
2020-09-21 19:30:00,-119.133438,37.33905,6.735
2020-09-21 19:30:00,-119.138817,37.340576,6.121
2020-09-21 19:30:00,-119.224266,37.361385,4.678
2020-09-21 19:30:00,-119.229004,37.362206,4.76
2020-09-21 10:05:00,-119.107468,37.350193,1.832
2020-09-21 10:05:00,-119.117325,37.361786,1.919
2020-09-21 10:05:00,-119.120384,37.352432,5.247
2020-09-21 10:05:00,-119.123337,37.343063,1.121
2020-09-21 10:05:00,-119.12767,37.373447,1.139
2020-09-21 10:05:00,-119.130714,37.364094,1.277
2020-09-21 10:05:00,-119.13372,37.35474,3.888
2020-09-21 10:05:00,-119.143539,37.219913,0.792
2020-09-21 10:05:00,-119.147011,37.357037,2.127
2020-09-21 10:05:00,-119.157333,37.368679,0.764
2020-09-21 10:05:00,-119.168396,37.224178,0.792
2020-09-21 10:05:00,-119.170128,37.370884,0.969
2020-09-21 10:05:00,-119.171364,37.214806,2.286
2020-09-21 10:05:00,-119.17363,37.20533,1.194
2020-09-21 10:05:00,-119.183769,37.216938,1.627
2020-09-21 10:05:00,-119.184479,37.363514,1.461
2020-09-21 10:05:00,-119.186172,37.207485,1.374
2020-09-21 10:05:00,-119.186493,37.354015,2.244
2020-09-21 10:05:00,-119.198692,37.356125,3.288
2020-09-21 10:05:00,-119.210884,37.358234,1.041
2020-09-21 10:05:00,-119.210968,37.211746,1.246
2020-09-21 10:05:00,-119.223305,37.360382,0.809
2020-09-21 10:05:00,-119.235626,37.362507,1.485
2020-09-21 10:05:00,-119.241241,37.279778,0.962
2020-09-21 10:05:00,-119.419006,37.290756,1.835
2020-09-21 10:05:00,-119.421181,37.281364,0.903
2020-09-21 10:05:00,-119.426697,37.311592,1.121
2020-09-21 10:05:00,-119.428627,37.278156,0.757
2020-09-21 10:05:00,-119.431129,37.292835,0.955
2020-09-21 10:05:00,-119.43335,37.283455,0.903
2020-09-21 10:05:00,-119.439171,37.313721,2.29
2020-09-21 10:05:00,-119.441284,37.304329,1.586
2020-09-21 10:05:00,-119.444511,37.343861,0.858
2020-09-21 05:50:00,-119.116531,37.342617,1.485
2020-09-21 05:50:00,-119.118965,37.35165,7.809
2020-09-21 05:50:00,-119.121452,37.36068,2.71
2020-09-21 05:50:00,-119.123856,37.36972,2.045
2020-09-21 05:50:00,-119.127922,37.340809,2.278
2020-09-21 05:50:00,-119.130371,37.349842,11.755
2020-09-21 05:50:00,-119.132706,37.358891,3.422
2020-09-21 05:50:00,-119.13517,37.367924,1.589
2020-09-21 05:50:00,-119.137604,37.376965,1.926
2020-09-21 05:50:00,-119.141472,37.348072,7.365
2020-09-21 05:50:00,-119.144073,37.357086,3.642
2020-09-21 05:50:00,-119.150543,37.216324,0.776
2020-09-21 05:50:00,-119.152924,37.346256,0.883
2020-09-21 05:50:00,-119.155342,37.355297,4.219
2020-09-21 05:50:00,-119.15789,37.364319,1.129
2020-09-21 05:50:00,-119.167412,37.35339,0.486
2020-09-21 05:50:00,-119.16993,37.362423,1.368
2020-09-21 05:50:00,-119.17186,37.371536,0.912
2020-09-21 05:50:00,-119.172073,37.203426,1.233
2020-09-21 05:50:00,-119.174225,37.212528,3.967
2020-09-21 05:50:00,-119.176743,37.221565,1.217
2020-09-21 05:50:00,-119.179665,37.35146,1.387
2020-09-21 05:50:00,-119.181953,37.360531,2.067
2020-09-21 05:50:00,-119.184029,37.201504,2.423
2020-09-21 05:50:00,-119.186142,37.210617,3.636
2020-09-21 05:50:00,-119.19162,37.349567,4.115
2020-09-21 05:50:00,-119.194046,37.358624,3.022
2020-09-21 05:50:00,-119.195801,37.199612,2.275
2020-09-21 05:50:00,-119.197868,37.208736,0.858
2020-09-21 05:50:00,-119.203552,37.347679,3.573
2020-09-21 05:50:00,-119.206177,37.356712,3.56
2020-09-21 05:50:00,-119.218117,37.354824,1.031
2020-09-21 05:50:00,-119.222374,37.204792,0.858
2020-09-21 05:50:00,-119.232445,37.362011,1.072
2020-09-21 05:50:00,-119.232597,37.27689,1.094
2020-09-21 05:50:00,-119.244263,37.275013,1.352
2020-09-21 05:50:00,-119.244385,37.360123,1.019
2020-09-21 05:50:00,-119.421356,37.284344,2.7
2020-09-21 05:50:00,-119.42363,37.293495,1.028
2020-09-21 05:50:00,-119.428116,37.311802,0.997
2020-09-21 05:50:00,-119.431351,37.273201,0.975
2020-09-21 05:50:00,-119.433556,37.282372,2.515
2020-09-21 05:50:00,-119.437996,37.300697,1.649
2020-09-21 05:50:00,-119.44014,37.309872,3.132
2020-09-21 05:50:00,-119.443474,37.271236,0.808
2020-09-20 20:25:00,-119.127144,37.348217,10.95
2020-09-20 20:25:00,-119.132812,37.361507,15.148
2020-09-20 20:25:00,-119.15226,37.34235,12.305
2020-09-20 20:25:00,-119.155296,37.363754,2.636
2020-09-20 20:25:00,-119.158272,37.355583,11.383
2020-09-20 20:25:00,-119.19117,37.347908,2.404
2020-09-20 05:10:00,-119.14991,37.359772,1.406
2020-09-20 05:10:00,-119.155769,37.363804,1.245
2020-09-19 10:20:00,-119.173546,37.218273,1.062
2020-09-19 10:20:00,-119.176743,37.207142,1.919
2020-09-19 10:20:00,-119.179298,37.195889,0.913
2020-09-19 10:20:00,-119.194443,37.210663,1.478
2020-09-19 10:20:00,-119.197449,37.199512,0.736
2020-09-17 10:30:00,-119.118225,37.375671,0.861
2020-09-17 10:30:00,-119.123932,37.362579,0.892
2020-09-17 10:30:00,-119.128342,37.370697,1.295
2020-09-17 10:30:00,-119.141083,37.206852,0.927
2020-09-17 10:30:00,-119.144806,37.193272,0.944
2020-09-17 10:30:00,-119.155609,37.369854,1.073
2020-09-17 10:30:00,-119.160316,37.377796,1.842
2020-09-17 10:30:00,-119.166496,37.212654,0.799
2020-09-17 10:30:00,-119.16993,37.199028,0.972
2020-09-17 10:30:00,-119.185257,37.362316,0.813
2020-09-17 10:30:00,-119.190559,37.370224,0.885
2020-09-17 10:30:00,-119.43148,37.353294,2.383
2020-09-17 10:30:00,-119.433578,37.339653,2.21
2020-09-17 10:30:00,-119.436714,37.326241,0.837
2020-09-17 10:30:00,-119.437607,37.344658,2.012
2020-09-17 10:30:00,-119.440109,37.331127,1.447
2020-09-17 06:15:00,-119.136772,37.366974,3.693
2020-09-17 06:15:00,-119.138123,37.377281,3.875
2020-09-17 06:15:00,-119.146324,37.204292,1.453
2020-09-17 06:15:00,-119.153069,37.365231,2.697
2020-09-17 06:15:00,-119.154793,37.375481,5.661
2020-09-17 06:15:00,-119.156105,37.182423,0.874
2020-09-17 06:15:00,-119.158211,37.192604,3.944
2020-09-17 06:15:00,-119.160301,37.202785,6.974
2020-09-17 06:15:00,-119.162003,37.213013,1.214
2020-09-17 06:15:00,-119.169312,37.170605,0.858
2020-09-17 06:15:00,-119.170647,37.373772,4.045
2020-09-17 06:15:00,-119.171043,37.18082,0.889
2020-09-17 06:15:00,-119.172287,37.191093,2.669
2020-09-17 06:15:00,-119.174255,37.201279,3.469
2020-09-17 06:15:00,-119.182076,37.362133,1.869
2020-09-17 06:15:00,-119.185226,37.372208,1.513
2020-09-17 06:15:00,-119.186882,37.189518,0.748
2020-09-17 06:15:00,-119.195984,37.360653,1.649
2020-09-17 06:15:00,-119.205498,37.208275,1.113
2020-09-17 06:15:00,-119.208069,37.268169,0.962
2020-09-17 06:15:00,-119.209854,37.359173,1.768
2020-09-17 06:15:00,-119.211304,37.106091,0.852
2020-09-17 06:15:00,-119.224258,37.357628,0.956
2020-09-17 06:15:00,-119.250061,37.334084,1.123
2020-09-17 06:15:00,-119.253082,37.354538,1.06
2020-09-17 06:15:00,-119.263824,37.322243,0.798
2020-09-17 06:15:00,-119.264481,37.33255,1.173
2020-09-17 06:15:00,-119.368904,37.0271,1.86
2020-09-17 06:15:00,-119.370941,37.03717,1.507
2020-09-17 06:15:00,-119.385429,37.035606,1.488
2020-09-17 06:15:00,-119.417435,37.286633,0.864
2020-09-17 06:15:00,-119.424522,37.294819,1.233
2020-09-17 06:15:00,-119.426559,37.304882,1.034
2020-09-17 06:15:00,-119.428513,37.314949,1.072
2020-09-17 06:15:00,-119.429192,37.275055,1.245
2020-09-17 06:15:00,-119.432037,37.335129,1.548
2020-09-17 06:15:00,-119.43499,37.345078,4.505
2020-09-17 06:15:00,-119.436859,37.355152,5.944
2020-09-17 06:15:00,-119.437843,37.365334,1.708
2020-09-17 06:15:00,-119.442833,37.313404,1.941
2020-09-17 06:15:00,-119.44651,37.333549,4.47
2020-09-16 09:50:00,-119.140388,37.377792,7.667
2020-09-16 09:50:00,-119.142059,37.368679,2.338
2020-09-16 09:50:00,-119.153091,37.195648,1.894
2020-09-16 09:50:00,-119.153328,37.370167,1.596
2020-09-16 09:50:00,-119.155281,37.186611,1.284
2020-09-16 09:50:00,-119.164871,37.371685,1.887
2020-09-16 09:50:00,-119.167023,37.188156,1.177
2020-09-16 09:50:00,-119.176102,37.171398,1.08
2020-09-16 09:50:00,-119.176323,37.373192,5.462
2020-09-16 09:50:00,-119.181778,37.144173,0.799
2020-09-16 09:50:00,-119.184135,37.365726,1.669
2020-09-16 09:50:00,-119.186005,37.182056,0.705
2020-09-16 09:50:00,-119.188332,37.37476,2.494
2020-09-16 09:50:00,-119.196259,37.367359,2.14
2020-09-16 09:50:00,-119.196762,37.22007,1.357
2020-09-16 09:50:00,-119.198273,37.210938,2.123
2020-09-16 09:50:00,-119.198311,37.266945,0.868
2020-09-16 09:50:00,-119.208321,37.36898,1.1
2020-09-16 09:50:00,-119.210381,37.359905,1.031
2020-09-16 09:50:00,-119.251602,37.337296,0.983
2020-09-16 09:50:00,-119.253265,37.328148,0.969
2020-09-16 09:50:00,-119.265167,37.329716,0.892
2020-09-16 09:50:00,-119.354637,37.020737,0.802
2020-09-16 09:50:00,-119.359184,37.029499,1.464
2020-09-16 09:50:00,-119.366043,37.022243,2.238
2020-09-16 09:50:00,-119.368652,37.040119,2.342
2020-09-16 09:50:00,-119.370743,37.03101,2.231
2020-09-16 09:50:00,-119.377762,37.0238,1.215
2020-09-16 09:50:00,-119.380356,37.041649,1.274
2020-09-16 09:50:00,-119.382317,37.03252,1.437
2020-09-16 09:50:00,-119.4235,37.322208,0.847
2020-09-16 09:50:00,-119.42717,37.2785,1.166
2020-09-16 09:50:00,-119.429176,37.26936,1.041
2020-09-16 09:50:00,-119.433319,37.332886,0.785
2020-09-16 09:50:00,-119.435211,37.323727,1.194
2020-09-16 09:50:00,-119.436874,37.314537,1.035
2020-09-16 09:50:00,-119.439346,37.361893,1.267
2020-09-16 09:50:00,-119.445137,37.309078,0.879
2020-09-16 09:50:00,-119.445145,37.334415,2.005
2020-09-15 18:30:00,-119.198296,37.369827,3.425
2020-09-15 18:30:00,-119.351128,37.032303,5.422
2020-09-15 18:30:00,-119.367424,37.034046,5.469
2020-09-15 09:05:00,-119.220993,37.007629,0.712
2020-09-15 09:05:00,-119.263191,37.010677,1.565
2020-09-15 10:45:00,-119.270187,37.006638,1.645
2020-09-15 09:05:00,-119.272057,37.009998,1.201
2020-09-15 10:45:00,-119.414749,37.354481,0.865
2020-09-15 10:45:00,-119.445099,37.370537,1.01
2020-09-14 21:05:00,-119.179214,37.37788,24.828
2020-09-14 21:05:00,-119.179436,37.184097,2.73
2020-09-14 21:05:00,-119.185959,37.137089,2.699
2020-09-14 21:05:00,-119.188347,37.367424,3.78
2020-09-14 21:05:00,-119.190369,37.376266,20.279
2020-09-14 21:05:00,-119.199501,37.365803,5.847
2020-09-14 21:05:00,-119.205681,37.198551,4.009
2020-09-14 21:05:00,-119.210632,37.364189,5.486
2020-09-14 21:05:00,-119.221741,37.362572,3.212
2020-09-14 21:05:00,-119.236946,37.378651,3.673
2020-09-14 21:05:00,-119.262115,37.33839,2.855
2020-09-14 21:05:00,-119.26387,37.005398,3.187
2020-09-14 21:05:00,-119.325462,37.023857,7.913
2020-09-14 21:05:00,-119.336563,37.022228,11.872
2020-09-14 21:05:00,-119.347633,37.020596,8.61
2020-09-14 21:05:00,-119.358688,37.018967,9.678
2020-09-14 21:05:00,-119.417656,37.121639,5.694
2020-09-14 21:05:00,-119.439507,37.312347,6.384
2020-09-12 21:15:00,-119.163643,37.181377,2.608
2020-09-12 21:15:00,-119.176353,37.17989,3.825
2020-09-12 21:15:00,-119.17717,37.257366,3.142
2020-09-12 21:15:00,-119.179222,37.09697,3.319
2020-09-12 21:15:00,-119.183441,37.217815,3.239
2020-09-12 21:15:00,-119.220192,37.111465,3.312
2020-09-12 21:15:00,-119.221802,37.36734,31.855
2020-09-12 21:15:00,-119.224541,37.265106,3.052
2020-09-12 21:15:00,-119.226692,37.274532,17.859
2020-09-12 21:15:00,-119.234093,37.365891,27.851
2020-09-12 21:15:00,-119.24662,37.364414,4.848
2020-09-12 21:15:00,-119.269554,37.014648,5.677
2020-09-12 21:15:00,-119.323227,37.027477,4.494
2020-09-12 19:35:00,-119.210854,37.364986,3.17
2020-09-12 19:35:00,-119.247032,37.374218,3.201
2020-09-12 10:15:00,-119.165436,37.188316,0.788
2020-09-12 10:15:00,-119.16787,37.231556,0.858
2020-09-12 10:15:00,-119.168831,37.178246,1.173
2020-09-12 10:15:00,-119.171783,37.221581,0.851
2020-09-12 10:15:00,-119.179939,37.191025,0.948
2020-09-12 10:15:00,-119.183197,37.180939,1.017
2020-09-12 10:15:00,-119.18615,37.224239,2.4
2020-09-12 10:15:00,-119.189392,37.214157,0.927
2020-09-12 10:15:00,-119.200638,37.226917,0.827
2020-09-12 10:15:00,-119.204765,37.123222,0.872
2020-09-12 10:15:00,-119.218788,37.125828,1.052
2020-09-12 10:15:00,-119.22184,37.374863,1.017
2020-09-12 10:15:00,-119.235641,37.377438,0.913
2020-09-12 10:15:00,-119.23806,37.36726,1.215
2020-09-12 10:15:00,-119.256912,37.154202,0.958
2020-09-12 10:15:00,-119.262398,37.030529,1.908
2020-09-12 10:15:00,-119.264969,37.020317,1.374
2020-09-12 10:15:00,-119.266991,37.010002,0.931
2020-09-12 10:15:00,-119.278481,37.374809,2.955
2020-09-12 10:15:00,-119.281731,37.364803,0.948
2020-09-12 10:15:00,-119.282722,37.012939,1.166
2020-09-12 10:15:00,-119.286087,37.367252,1.371
2020-09-12 10:15:00,-119.292694,37.37746,1.482
2020-09-12 10:15:00,-119.30117,37.069668,0.771
2020-09-12 10:15:00,-119.419212,37.267063,1.135
2020-09-12 10:15:00,-119.432938,37.269573,0.955
2020-09-12 10:15:00,-119.446274,37.364681,1.135
2020-09-11 20:35:00,-119.268829,37.372974,3.735
2020-09-11 18:55:00,-119.132347,37.24184,4.367
2020-09-11 18:55:00,-119.17588,37.184002,3.825
2020-09-11 18:55:00,-119.178108,37.175045,4.156
2020-09-11 18:55:00,-119.235039,37.369377,11.283
2020-09-11 18:55:00,-119.246292,37.371159,2.833
2020-09-11 18:55:00,-119.258736,37.030548,7.296
2020-09-11 18:55:00,-119.260841,37.021568,5.333
2020-09-11 18:55:00,-119.270256,37.032368,6.121
2020-09-11 18:55:00,-119.272362,37.023388,8.159
2020-09-11 05:15:00,-119.277397,37.362873,1.17
2020-09-11 05:15:00,-119.281258,37.358112,0.93
2020-09-11 05:15:00,-119.286827,37.376961,1.658
2020-09-11 05:15:00,-119.289658,37.372417,1.699
2020-09-10 21:30:00,-119.179939,37.223106,3.631
2020-09-10 21:30:00,-119.268463,37.021259,5.063
2020-09-10 21:30:00,-119.275993,37.021362,5.122
2020-09-10 21:30:00,-119.287209,37.019424,3.864
2020-09-10 21:30:00,-119.330063,37.027725,2.875
2020-09-10 21:30:00,-119.439491,37.130062,3.402
2020-09-10 18:10:00,-119.248337,37.377087,7.595
2020-09-10 18:10:00,-119.275902,37.022427,3.321
2020-09-10 18:10:00,-119.28405,37.01992,2.565
2020-09-10 10:25:00,-119.176811,37.185123,0.781
2020-09-10 10:25:00,-119.180954,37.22847,1.298
2020-09-10 10:25:00,-119.185616,37.216476,0.837
2020-09-10 10:25:00,-119.186615,37.226158,0.931
2020-09-10 10:25:00,-119.19091,37.214081,0.823
2020-09-10 10:25:00,-119.202316,37.23307,1.09
2020-09-10 10:25:00,-119.20768,37.230568,0.951
2020-09-10 10:25:00,-119.237633,37.37281,3.628
2020-09-10 10:25:00,-119.244003,37.131989,1.149
2020-09-10 10:25:00,-119.25148,37.026283,0.927
2020-09-10 10:25:00,-119.256752,37.376873,7.746
2020-09-10 10:25:00,-119.261368,37.364964,2.147
2020-09-10 10:25:00,-119.2752,37.031265,1.825
2020-09-10 10:25:00,-119.278137,37.018909,1.301
2020-09-10 10:25:00,-119.27916,37.368755,3.756
2020-09-10 10:25:00,-119.283058,37.356709,1.471
2020-09-10 10:25:00,-119.286362,37.063187,1.437
2020-09-10 10:25:00,-119.292114,37.060715,1.243
2020-09-10 10:25:00,-119.300446,37.023621,2.435
2020-09-10 10:25:00,-119.302689,37.011135,2.206
2020-09-10 10:25:00,-119.310127,37.068283,2.296
2020-09-10 10:25:00,-119.312706,37.055889,1.364
2020-09-10 10:25:00,-119.31601,37.065681,1.184
2020-09-10 10:25:00,-119.318398,37.053265,1.093
2020-09-10 10:25:00,-119.441772,37.189846,0.927
2020-09-10 06:10:00,-119.136314,37.241581,1.62
2020-09-10 06:10:00,-119.148499,37.240131,1.239
2020-09-10 06:10:00,-119.160576,37.238693,1.091
2020-09-10 06:10:00,-119.170456,37.184509,0.971
2020-09-10 06:10:00,-119.171974,37.227657,1.126
2020-09-10 06:10:00,-119.181198,37.173542,1.063
2020-09-10 06:10:00,-119.182953,37.182995,1.567
2020-09-10 06:10:00,-119.184586,37.226154,2.137
2020-09-10 06:10:00,-119.19252,37.263855,1.119
2020-09-10 06:10:00,-119.195374,37.21521,1.46
2020-09-10 06:10:00,-119.196884,37.224689,1.34
2020-09-10 06:10:00,-119.205032,37.262341,1.437
2020-09-10 06:10:00,-119.207253,37.271725,0.981
2020-09-10 06:10:00,-119.209137,37.223225,3.11
2020-09-10 06:10:00,-119.211029,37.232655,1.138
2020-09-10 06:10:00,-119.217636,37.260818,0.738
2020-09-10 06:10:00,-119.219673,37.270222,2.102
2020-09-10 06:10:00,-119.221176,37.120483,0.952
2020-09-10 06:10:00,-119.221558,37.221741,0.943
2020-09-10 06:10:00,-119.232323,37.268684,0.924
2020-09-10 06:10:00,-119.235931,37.374222,5.384
2020-09-10 06:10:00,-119.241226,37.368958,4.193
2020-09-10 06:10:00,-119.247414,37.126984,2.773
2020-09-10 06:10:00,-119.248199,37.372768,9.696
2020-09-10 06:10:00,-119.253571,37.155144,1.034
2020-09-10 06:10:00,-119.253685,37.367439,4.247
2020-09-10 06:10:00,-119.257355,37.265636,0.962
2020-09-10 06:10:00,-119.259453,37.125538,1.33
2020-09-10 06:10:00,-119.260094,37.371357,6.048
2020-09-10 06:10:00,-119.263458,37.144321,0.871
2020-09-10 06:10:00,-119.264038,37.356529,1.305
2020-09-10 06:10:00,-119.265602,37.366001,4.94
2020-09-10 06:10:00,-119.265839,37.15366,0.763
2020-09-10 06:10:00,-119.269096,37.172535,0.889
2020-09-10 06:10:00,-119.270447,37.023018,3.11
2020-09-10 06:10:00,-119.271652,37.326633,0.801
2020-09-10 06:10:00,-119.27179,37.369965,11.702
2020-09-10 06:10:00,-119.275848,37.355106,1.963
2020-09-10 06:10:00,-119.277328,37.36459,10.536
2020-09-10 06:10:00,-119.280739,37.012157,1.576
2020-09-10 06:10:00,-119.283218,37.021484,5.554
2020-09-10 06:10:00,-119.283417,37.325222,0.836
2020-09-10 06:10:00,-119.283783,37.368542,11.601
2020-09-10 06:10:00,-119.285301,37.030853,0.927
2020-09-10 06:10:00,-119.287544,37.353699,2.42
2020-09-10 06:10:00,-119.28907,37.363174,6.439
2020-09-10 06:10:00,-119.293419,37.010639,2.039
2020-09-10 06:10:00,-119.295288,37.020031,1.526
2020-09-10 06:10:00,-119.295959,37.367096,1.012
2020-09-10 06:10:00,-119.299675,37.038734,0.889
2020-09-10 06:10:00,-119.299767,37.352215,0.968
2020-09-10 06:10:00,-119.303764,37.057465,2.231
2020-09-10 06:10:00,-119.305267,37.009216,0.981
2020-09-10 06:10:00,-119.306137,37.06678,2.666
2020-09-10 06:10:00,-119.307037,37.018616,2.483
2020-09-10 06:10:00,-119.309586,37.027924,4.121
2020-09-10 06:10:00,-119.314285,37.04657,1.315
2020-09-10 06:10:00,-119.316513,37.055904,4.392
2020-09-10 06:10:00,-119.318817,37.065224,2.332
2020-09-10 06:10:00,-119.320786,37.074589,1.778
2020-09-10 06:10:00,-119.321365,37.026501,3.359
2020-09-10 06:10:00,-119.323959,37.035793,0.971
2020-09-10 06:10:00,-119.328918,37.05439,1.343
2020-09-10 06:10:00,-119.331184,37.063713,0.934
2020-09-10 06:10:00,-119.33358,37.025021,1.075
2020-09-10 06:10:00,-119.336044,37.034328,0.971
2020-09-10 06:10:00,-119.34597,37.023521,1.359
2020-09-10 06:10:00,-119.348053,37.032871,1.204
2020-09-10 06:10:00,-119.387108,37.037704,0.934
2020-09-10 06:10:00,-119.38913,37.047043,0.889
2020-09-10 06:10:00,-119.421082,37.115585,1.249
2020-09-10 06:10:00,-119.421188,37.298908,1.015
2020-09-10 06:10:00,-119.425674,37.260017,1.123
2020-09-10 06:10:00,-119.426544,37.327026,0.836
2020-09-10 06:10:00,-119.427513,37.269382,0.924
2020-09-10 06:10:00,-119.431686,37.104717,1.078
2020-09-10 06:10:00,-119.436241,37.142517,1.028
2020-09-10 06:10:00,-119.437675,37.258572,1.173
2020-09-10 06:10:00,-119.439133,37.325478,1.428
2020-09-10 06:10:00,-119.440628,37.185757,0.899
2020-09-10 06:10:00,-119.441406,37.36895,1.359
2020-09-09 19:05:00,-119.181427,37.223015,2.965
2020-09-09 19:05:00,-119.186058,37.22607,2.549
2020-09-09 19:05:00,-119.200653,37.269032,3.022
2020-09-09 19:05:00,-119.249786,37.12339,5.289
2020-09-09 19:05:00,-119.280144,37.025135,5.346
2020-09-09 19:05:00,-119.282242,37.014919,4.496
2020-09-09 19:05:00,-119.2967,37.01759,4.127
2020-09-09 19:05:00,-119.302376,37.060966,3.305
2020-09-09 19:05:00,-119.304596,37.050797,5.463
2020-09-09 20:45:00,-119.307869,37.048801,10.229
2020-09-09 19:05:00,-119.309082,37.03046,10.401
2020-09-09 19:05:00,-119.310364,37.071064,5.897
2020-09-09 20:45:00,-119.311935,37.070072,3.423
2020-09-09 19:05:00,-119.312538,37.060886,4.663
2020-09-09 19:05:00,-119.317917,37.063778,2.855
2020-09-09 19:05:00,-119.320023,37.0536,4.685
2020-09-09 19:05:00,-119.323196,37.033058,7.267
2020-09-09 20:45:00,-119.323715,37.045773,7.046
2020-09-09 19:05:00,-119.327591,37.063709,3.201
2020-09-09 20:45:00,-119.327904,37.067043,3.111
2020-09-09 19:05:00,-119.332642,37.066452,2.959
2020-09-09 20:45:00,-119.333435,37.0284,8.901
2020-09-09 19:05:00,-119.337654,37.035713,5.595
2020-09-09 20:45:00,-119.339325,37.031723,4.956
2020-09-09 19:05:00,-119.339439,37.025475,6.392
2020-09-09 20:45:00,-119.350166,37.025288,15.911
2020-09-09 20:45:00,-119.356285,37.028465,3.253
2020-09-09 19:05:00,-119.408737,37.059246,3.05
2020-09-09 19:05:00,-119.40995,37.131706,3.727
2020-09-09 19:05:00,-119.417572,37.112068,5.286
2020-09-09 20:45:00,-119.418831,37.110462,4.564
2020-09-09 19:05:00,-119.420723,37.102135,7.028
2020-09-09 19:05:00,-119.423767,37.092186,3.425
2020-09-09 19:05:00,-119.423836,37.134254,3.321
2020-09-09 20:45:00,-119.426987,37.103676,7.857
2020-09-09 19:05:00,-119.427483,37.166454,3.437
2020-09-09 19:05:00,-119.431389,37.114616,7.636
2020-09-09 19:05:00,-119.434464,37.104679,13.595
2020-09-09 19:05:00,-119.435028,37.374134,2.861
2020-09-09 19:05:00,-119.435356,37.177105,3.346
2020-09-09 20:45:00,-119.435722,37.107204,5.309
2020-09-09 19:05:00,-119.437302,37.094696,3.163
2020-09-09 19:05:00,-119.440399,37.323696,2.729
2020-09-09 19:05:00,-119.441696,37.179474,3.267
2020-09-09 19:05:00,-119.443497,37.366009,2.678
2020-09-09 20:45:00,-119.44503,37.100311,5.746
2020-09-09 19:05:00,-119.447678,37.189888,3.176
2020-09-09 05:30:00,-119.148712,37.234898,2.294
2020-09-09 05:30:00,-119.172279,37.229782,4.275
2020-09-09 05:30:00,-119.172585,37.176048,1.148
2020-09-09 05:30:00,-119.181633,37.267879,1.034
2020-09-09 05:30:00,-119.181702,37.254501,1.283
2020-09-09 05:30:00,-119.196732,37.224468,1.941
2020-09-09 05:30:00,-119.206604,37.262524,2.228
2020-09-09 05:30:00,-119.207008,37.195496,0.908
2020-09-09 05:30:00,-119.212593,37.194157,0.959
2020-09-09 05:30:00,-119.230827,37.25732,0.763
2020-09-09 05:30:00,-119.234047,37.270039,0.861
2020-09-09 05:30:00,-119.240204,37.268772,0.748
2020-09-09 05:30:00,-119.265083,37.317059,0.924
2020-09-09 05:30:00,-119.273033,37.328777,1.088
2020-09-09 05:30:00,-119.282692,37.017727,2.915
2020-09-09 05:30:00,-119.285393,37.030701,1.34
2020-09-09 05:30:00,-119.300735,37.06723,1.866
2020-09-09 05:30:00,-119.310677,37.0116,1.872
2020-09-09 05:30:00,-119.314545,37.03793,1.097
2020-09-09 05:30:00,-119.316238,37.051132,3.185
2020-09-09 05:30:00,-119.318359,37.064236,2.508
2020-09-09 05:30:00,-119.32444,37.061974,2.584
2020-09-09 05:30:00,-119.341904,37.03199,1.318
2020-09-09 05:30:00,-119.343346,37.045277,1.056
2020-09-09 05:30:00,-119.344666,37.058578,1.538
2020-09-09 05:30:00,-119.35173,37.055908,1.107
2020-09-09 05:30:00,-119.398026,37.154732,1.365
2020-09-09 05:30:00,-119.402328,37.152287,1.649
2020-09-09 05:30:00,-119.402435,37.326912,1.563
2020-09-09 05:30:00,-119.402626,37.112854,1.85
2020-09-09 05:30:00,-119.405762,37.339745,1.091
2020-09-09 05:30:00,-119.407173,37.057247,0.902
2020-09-09 05:30:00,-119.418228,37.310863,1.129
2020-09-09 05:30:00,-119.420509,37.095299,2.653
2020-09-09 05:30:00,-119.421188,37.377022,3.756
2020-09-09 05:30:00,-119.422386,37.149494,2.165
2020-09-09 05:30:00,-119.422729,37.323456,5.412
2020-09-09 05:30:00,-119.425346,37.107899,13.302
2020-09-09 05:30:00,-119.425499,37.336411,4.285
2020-09-09 05:30:00,-119.426826,37.146854,1.563
2020-09-09 05:30:00,-119.42701,37.321453,3.327
2020-09-09 05:30:00,-119.430466,37.334278,6.584
2020-09-09 05:30:00,-119.433624,37.186317,1.053
2020-09-09 05:30:00,-119.444,37.224949,1.148
2020-09-09 05:30:00,-119.444153,37.372002,14.218
2020-09-09 05:30:00,-119.447281,37.318157,2.757
2020-09-09 05:30:00,-119.448357,37.089203,1.305
2020-09-08 21:40:00,-119.180611,37.173592,3.059
2020-09-08 21:40:00,-119.192184,37.222076,3.305
2020-09-08 21:40:00,-119.199486,37.263435,8.8
2020-09-08 21:40:00,-119.201019,37.254501,13.474
2020-09-08 21:40:00,-119.228432,37.261356,6.166
2020-09-08 21:40:00,-119.231575,37.252514,4.276
2020-09-08 21:40:00,-119.283798,37.007904,3.499
2020-09-08 21:40:00,-119.287888,37.021469,8.395
2020-09-08 21:40:00,-119.290291,37.32584,4.238
2020-09-08 21:40:00,-119.312263,37.019787,4.314
2020-09-08 21:40:00,-119.328842,37.052315,2.993
2020-09-08 21:40:00,-119.343086,37.031445,3.59
2020-09-08 21:40:00,-119.414658,37.101635,3.208
2020-09-08 21:40:00,-119.415428,37.331467,6.72
2020-09-08 21:40:00,-119.442924,37.329632,4.304
2020-09-08 10:35:00,-119.168892,37.236618,1.177
2020-09-08 10:35:00,-119.177429,37.222797,0.969
2020-09-08 10:35:00,-119.178375,37.127922,0.882
2020-09-08 10:35:00,-119.18074,37.223831,0.899
2020-09-08 10:35:00,-119.183006,37.113125,0.775
2020-09-08 10:35:00,-119.185562,37.131317,0.716
2020-09-08 10:35:00,-119.189842,37.116444,1.087
2020-09-08 10:35:00,-119.200455,37.260098,1.118
2020-09-08 10:35:00,-119.202194,37.165497,0.927
2020-09-08 10:35:00,-119.203217,37.244926,1.201
2020-09-08 10:35:00,-119.207413,37.150875,0.764
2020-09-08 10:35:00,-119.208527,37.230362,1.447
2020-09-08 10:35:00,-119.211861,37.231213,1.114
2020-09-08 10:35:00,-119.212585,37.136246,0.802
2020-09-08 10:35:00,-119.215569,37.121082,0.906
2020-09-08 10:35:00,-119.218018,37.200958,1.353
2020-09-08 10:35:00,-119.22094,37.201717,1.218
2020-09-08 10:35:00,-119.221489,37.123981,0.899
2020-09-08 10:35:00,-119.237305,37.268959,0.778
2020-09-08 10:35:00,-119.24157,37.143295,0.83
2020-09-08 10:35:00,-119.244072,37.0182,1.01
2020-09-08 10:35:00,-119.247604,37.146027,0.775
2020-09-08 10:35:00,-119.248627,37.019718,1.53
2020-09-08 10:35:00,-119.268547,37.323078,1.093
2020-09-08 10:35:00,-119.271454,37.056675,1.152
2020-09-08 10:35:00,-119.273582,37.324963,1.139
2020-09-08 10:35:00,-119.276237,37.041965,6.176
2020-09-08 10:35:00,-119.276489,37.058044,1.076
2020-09-08 10:35:00,-119.280716,37.043209,7.029
2020-09-08 10:35:00,-119.280846,37.02721,11.193
2020-09-08 10:35:00,-119.28347,37.011963,1.17
2020-09-08 10:35:00,-119.285255,37.028446,11.91
2020-09-08 10:35:00,-119.287872,37.013222,1.232
2020-09-08 10:35:00,-119.310127,37.066048,2.723
2020-09-08 10:35:00,-119.313202,37.050964,9.515
2020-09-08 10:35:00,-119.314453,37.066986,2.137
2020-09-08 10:35:00,-119.314774,37.035507,7.746
2020-09-08 10:35:00,-119.317535,37.051926,8.776
2020-09-08 10:35:00,-119.319008,37.036484,7.396
2020-09-08 10:35:00,-119.332191,37.102974,0.851
2020-09-08 10:35:00,-119.336258,37.088173,1.308
2020-09-08 10:35:00,-119.342957,37.073997,3.551
2020-09-08 10:35:00,-119.346458,37.074539,2.688
2020-09-08 10:35:00,-119.347244,37.059242,4.585
2020-09-08 10:35:00,-119.347542,37.043514,6.679
2020-09-08 10:35:00,-119.351021,37.059856,4.581
2020-09-08 10:35:00,-119.35173,37.04427,6.946
2020-09-08 10:35:00,-119.364189,37.09491,2.307
2020-09-08 10:35:00,-119.369904,37.080524,7.549
2020-09-08 10:35:00,-119.37368,37.080978,6.873
2020-09-08 10:35:00,-119.376732,37.06641,9.099
2020-09-08 10:35:00,-119.380806,37.066917,9.688
2020-09-08 10:35:00,-119.380974,37.05167,10.232
2020-09-08 10:35:00,-119.385452,37.05228,9.244
2020-09-08 10:35:00,-119.389435,37.116718,1.111
2020-09-08 10:35:00,-119.39637,37.102654,7.226
2020-09-08 10:35:00,-119.403625,37.088669,17.683
2020-09-08 10:35:00,-119.408417,37.089142,10.433
2020-09-08 10:35:00,-119.409096,37.26326,1.36
2020-09-08 10:35:00,-119.410942,37.074707,4.273
2020-09-08 10:35:00,-119.413727,37.26318,1.405
2020-09-08 10:35:00,-119.414619,37.248947,1.087
2020-09-08 10:35:00,-119.415504,37.075104,3.156
2020-09-08 10:35:00,-119.415962,37.060192,1.412
2020-09-08 10:35:00,-119.418915,37.248787,1.139
2020-09-08 10:35:00,-119.425453,37.203457,1.173
2020-09-08 10:35:00,-119.428558,37.188549,1.308
2020-09-08 10:35:00,-119.430717,37.110901,1.437
2020-09-08 10:35:00,-119.435478,37.190327,1.204
2020-09-08 10:35:00,-119.444954,37.256317,1.007
2020-09-08 10:35:00,-119.447044,37.241199,3.337
2020-09-07 21:00:00,-119.193054,37.183453,4.651
2020-09-07 21:00:00,-119.195435,37.145432,4.016
2020-09-07 21:00:00,-119.197723,37.15448,7.292
2020-09-07 21:00:00,-119.20031,37.116405,5.157
2020-09-07 21:00:00,-119.204712,37.134537,42.246
2020-09-07 21:00:00,-119.204781,37.181595,37.541
2020-09-07 21:00:00,-119.205841,37.20874,2.536
2020-09-07 21:00:00,-119.207016,37.143581,63.737
2020-09-07 21:00:00,-119.209442,37.152615,39.368
2020-09-07 21:00:00,-119.212341,37.114471,4.456
2020-09-07 21:00:00,-119.216202,37.179779,92.117
2020-09-07 21:00:00,-119.216644,37.132626,29.259
2020-09-07 21:00:00,-119.21891,37.141685,82.684
2020-09-07 21:00:00,-119.221268,37.15073,91.157
2020-09-07 21:00:00,-119.221336,37.272118,2.695
2020-09-07 21:00:00,-119.226837,37.243031,16.369
2020-09-07 21:00:00,-119.227867,37.177929,57.705
2020-09-07 21:00:00,-119.227966,37.195755,4.54
2020-09-07 21:00:00,-119.228767,37.130688,7.289
2020-09-07 21:00:00,-119.230667,37.204742,3.045
2020-09-07 21:00:00,-119.231094,37.13974,8.981
2020-09-07 21:00:00,-119.232986,37.270271,6.134
2020-09-07 21:00:00,-119.233429,37.148796,29.727
2020-09-07 21:00:00,-119.23645,37.232082,5.406
2020-09-07 21:00:00,-119.23851,37.241169,16.265
2020-09-07 21:00:00,-119.24015,37.175995,4.543
2020-09-07 21:00:00,-119.24028,37.193764,7.844
2020-09-07 21:00:00,-119.240906,37.128742,9.383
2020-09-07 21:00:00,-119.243011,37.202751,2.966
2020-09-07 21:00:00,-119.24324,37.137802,7.681
2020-09-07 21:00:00,-119.244614,37.268425,8.402
2020-09-07 21:00:00,-119.245552,37.146862,13.599
2020-09-07 21:00:00,-119.247864,37.230259,3.153
2020-09-07 21:00:00,-119.250084,37.239323,4.761
2020-09-07 21:00:00,-119.252937,37.126812,4.786
2020-09-07 21:00:00,-119.255272,37.135876,6.016
2020-09-07 21:00:00,-119.256409,37.266556,5.413
2020-09-07 21:00:00,-119.257393,37.144974,6.138
2020-09-07 21:00:00,-119.261551,37.237492,2.563
2020-09-07 21:00:00,-119.267799,37.32864,4.311
2020-09-07 21:00:00,-119.268524,37.264645,2.962
2020-09-07 21:00:00,-119.279915,37.326714,12.413
2020-09-07 21:00:00,-119.285927,37.306885,3.052
2020-09-07 21:00:00,-119.289177,37.3158,4.304
2020-09-07 21:00:00,-119.29216,37.324764,16.823
2020-09-07 21:00:00,-119.301216,37.313873,4.12
2020-09-07 21:00:00,-119.30423,37.322838,11.286
2020-09-07 21:00:00,-119.316559,37.088203,5.642
2020-09-07 21:00:00,-119.318726,37.071442,3.333
2020-09-07 21:00:00,-119.328522,37.086262,33.18
2020-09-07 21:00:00,-119.330574,37.06955,7.625
2020-09-07 21:00:00,-119.331161,37.095299,6.935
2020-09-07 21:00:00,-119.340584,37.084301,36.47
2020-09-07 21:00:00,-119.342598,37.067635,3.468
2020-09-07 21:00:00,-119.343315,37.093327,18.795
2020-09-07 21:00:00,-119.347404,37.371365,2.886
2020-09-07 21:00:00,-119.352692,37.082333,54.134
2020-09-07 21:00:00,-119.355431,37.091362,75.046
2020-09-07 21:00:00,-119.36042,37.109516,52.726
2020-09-07 21:00:00,-119.363083,37.118572,7.032
2020-09-07 21:00:00,-119.365105,37.080307,7.736
2020-09-07 21:00:00,-119.36763,37.089382,91.108
2020-09-07 21:00:00,-119.36898,37.340832,3.926
2020-09-07 21:00:00,-119.372444,37.107574,80.17
2020-09-07 21:00:00,-119.375061,37.116642,29.304
2020-09-07 21:00:00,-119.377472,37.12574,23.06
2020-09-07 21:00:00,-119.379601,37.08744,52.782
2020-09-07 21:00:00,-119.384346,37.105652,42.218
2020-09-07 21:00:00,-119.386864,37.114738,39.073
2020-09-07 21:00:00,-119.389183,37.123856,13.009
2020-09-07 21:00:00,-119.391281,37.085545,3.864
2020-09-07 21:00:00,-119.396156,37.103745,42.634
2020-09-07 21:00:00,-119.398514,37.112858,24.367
2020-09-07 21:00:00,-119.400848,37.121975,5.958
2020-09-07 21:00:00,-119.405701,37.297089,3.68
2020-09-07 21:00:00,-119.407661,37.101883,17.076
2020-09-07 21:00:00,-119.408073,37.306171,3.08
2020-09-07 21:00:00,-119.409805,37.111031,8.513
2020-09-07 21:00:00,-119.413162,37.351299,5.663
2020-09-07 21:00:00,-119.414604,37.333508,6.866
2020-09-07 21:00:00,-119.415009,37.286118,8.679
2020-09-07 21:00:00,-119.417343,37.295212,9.629
2020-09-07 21:00:00,-119.418968,37.100048,3.187
2020-09-07 21:00:00,-119.41964,37.30431,8.644
2020-09-07 21:00:00,-119.420258,37.256844,5.992
2020-09-07 21:00:00,-119.421059,37.378407,6.315
2020-09-07 21:00:00,-119.42141,37.173908,5.278
2020-09-07 21:00:00,-119.422539,37.265949,5.559
2020-09-07 21:00:00,-119.422882,37.24007,43.646
2020-09-07 21:00:00,-119.424385,37.349483,4.994
2020-09-07 21:00:00,-119.426903,37.358536,5.604
2020-09-07 21:00:00,-119.427185,37.201466,4.189
2020-09-07 21:00:00,-119.432388,37.254868,5.306
2020-09-07 21:00:00,-119.435196,37.23811,30.077
2020-09-07 21:00:00,-119.437004,37.19038,3.226
2020-09-07 21:00:00,-119.439423,37.19949,14.781
2020-09-07 21:00:00,-119.441376,37.208668,3.739
2020-09-07 21:00:00,-119.444595,37.252876,6.755
2020-09-07 21:00:00,-119.448135,37.236061,3.309
2020-09-07 19:20:00,-119.193176,37.130268,5.034
2020-09-07 19:20:00,-119.196411,37.173046,6.584
2020-09-07 19:20:00,-119.196724,37.118099,3.554
2020-09-07 19:20:00,-119.200859,37.161087,3.324
2020-09-07 19:20:00,-119.204811,37.149021,5.129
2020-09-07 19:20:00,-119.209053,37.13702,28.026
2020-09-07 19:20:00,-119.210136,37.257092,13.302
2020-09-07 19:20:00,-119.211082,37.146915,11.255
2020-09-07 19:20:00,-119.211441,37.124615,12.877
2020-09-07 19:20:00,-119.212448,37.244717,27.676
2020-09-07 19:20:00,-119.213783,37.18964,15.185
2020-09-07 19:20:00,-119.214752,37.134792,23.062
2020-09-07 19:20:00,-119.215668,37.232529,3.579
2020-09-07 19:20:00,-119.216843,37.122349,10.71
2020-09-07 19:20:00,-119.218826,37.177822,56.683
2020-09-07 19:20:00,-119.219116,37.22039,3.252
2020-09-07 19:20:00,-119.219772,37.242374,40.413
2020-09-07 19:20:00,-119.222298,37.165676,19.941
2020-09-07 19:20:00,-119.222565,37.230114,3.645
2020-09-07 19:20:00,-119.225281,37.153423,15.541
2020-09-07 19:20:00,-119.226082,37.217995,3.315
2020-09-07 19:20:00,-119.228539,37.141224,16.231
2020-09-07 19:20:00,-119.230934,37.151073,12.511
2020-09-07 19:20:00,-119.231438,37.128948,12.502
2020-09-07 19:20:00,-119.231651,37.193447,33.351
2020-09-07 19:20:00,-119.23394,37.138832,10.732
2020-09-07 19:20:00,-119.236992,37.126598,7.859
2020-09-07 19:20:00,-119.237892,37.181892,20.483
2020-09-07 19:20:00,-119.238121,37.237366,5.73
2020-09-07 19:20:00,-119.241814,37.169853,3.425
2020-09-07 19:20:00,-119.245674,37.157803,7.371
2020-09-07 19:20:00,-119.245895,37.234982,3.796
2020-09-07 19:20:00,-119.24794,37.145412,13.116
2020-09-07 19:20:00,-119.250992,37.133183,4.962
2020-09-07 19:20:00,-119.251762,37.155422,6.65
2020-09-07 19:20:00,-119.253822,37.143009,7.768
2020-09-07 19:20:00,-119.261406,37.242382,3.598
2020-09-07 19:20:00,-119.26181,37.336502,2.622
2020-09-07 19:20:00,-119.264702,37.25172,9.705
2020-09-07 19:20:00,-119.267319,37.324871,3.157
2020-09-07 19:20:00,-119.268639,37.333649,9.658
2020-09-07 19:20:00,-119.279663,37.310356,2.719
2020-09-07 19:20:00,-119.28196,37.340832,9.346
2020-09-07 19:20:00,-119.285744,37.328846,15.469
2020-09-07 19:20:00,-119.288551,37.337814,15.242
2020-09-07 19:20:00,-119.291573,37.325676,3.031
2020-09-07 19:20:00,-119.294609,37.087322,2.263
2020-09-07 19:20:00,-119.297432,37.314114,3.815
2020-09-07 19:20:00,-119.300957,37.34491,3.239
2020-09-07 19:20:00,-119.305344,37.072819,1.913
2020-09-07 19:20:00,-119.315704,37.091824,6.477
2020-09-07 19:20:00,-119.320023,37.079903,7.022
2020-09-07 19:20:00,-119.323883,37.067883,3.066
2020-09-07 19:20:00,-119.327347,37.077389,7.377
2020-09-07 19:20:00,-119.330994,37.065331,2.392
2020-09-07 19:20:00,-119.333252,37.108387,3.245
2020-09-07 19:20:00,-119.335129,37.095966,16.306
2020-09-07 19:20:00,-119.338112,37.378357,2.946
2020-09-07 19:20:00,-119.33963,37.084099,25.796
2020-09-07 19:20:00,-119.344246,37.072258,4.244
2020-09-07 19:20:00,-119.346687,37.081425,14.58
2020-09-07 19:20:00,-119.347748,37.124275,2.729
2020-09-07 19:20:00,-119.350822,37.112125,9.56
2020-09-07 19:20:00,-119.351013,37.069519,2.543
2020-09-07 19:20:00,-119.354378,37.100071,48.812
2020-09-07 19:20:00,-119.35807,37.088047,22.772
2020-09-07 19:20:00,-119.362434,37.076164,3.387
2020-09-07 19:20:00,-119.364731,37.085201,7.995
2020-09-07 19:20:00,-119.365013,37.127937,7.324
2020-09-07 19:20:00,-119.377533,37.092209,41.861
2020-09-07 19:20:00,-119.379158,37.143715,4.099
2020-09-07 19:20:00,-119.38369,37.375336,3.582
2020-09-07 19:20:00,-119.384834,37.132126,11.418
2020-09-07 19:20:00,-119.385147,37.089447,6.782
2020-09-07 19:20:00,-119.387459,37.332981,2.952
2020-09-07 19:20:00,-119.391502,37.371918,3.456
2020-09-07 19:20:00,-119.3955,37.352455,3.104
2020-09-07 19:20:00,-119.397842,37.297077,2.918
2020-09-07 19:20:00,-119.398727,37.147831,4.215
2020-09-07 19:20:00,-119.39933,37.096859,41.543
2020-09-07 19:20:00,-119.405403,37.349407,5.018
2020-09-07 19:20:00,-119.40554,37.13649,5.526
2020-09-07 19:20:00,-119.407974,37.094162,3.226
2020-09-07 19:20:00,-119.40992,37.26152,3.8
2020-09-07 19:20:00,-119.411438,37.282181,2.978
2020-09-07 19:20:00,-119.412323,37.125153,13.525
2020-09-07 19:20:00,-119.414413,37.270123,2.924
2020-09-07 19:20:00,-119.414558,37.369221,5.157
2020-09-07 19:20:00,-119.416664,37.377079,7.573
2020-09-07 19:20:00,-119.416901,37.313793,3.472
2020-09-07 19:20:00,-119.417633,37.258106,4.659
2020-09-07 19:20:00,-119.417969,37.11359,28.501
2020-09-07 19:20:00,-119.421265,37.302032,3.608
2020-09-07 19:20:00,-119.421349,37.246193,14.543
2020-09-07 19:20:00,-119.422127,37.358166,4.266
2020-09-07 19:20:00,-119.422531,37.101803,3.951
2020-09-07 19:20:00,-119.424393,37.234138,15.708
2020-09-07 19:20:00,-119.426956,37.209286,5.863
2020-09-07 19:20:00,-119.429543,37.197117,7.22
2020-09-07 19:20:00,-119.430374,37.354584,3.412
2020-09-07 19:20:00,-119.435768,37.193684,3.614
2020-09-07 19:20:00,-119.440643,37.25024,13.702
2020-09-07 19:20:00,-119.442513,37.237961,6.754
2020-09-07 19:20:00,-119.447632,37.213665,9.185
2020-09-07 05:40:00,-119.217499,37.183681,1.485
2020-09-07 05:40:00,-119.220085,37.221527,1.919
2020-09-07 05:40:00,-119.222382,37.193783,1.595
2020-09-07 05:40:00,-119.225143,37.242569,1.749
2020-09-07 05:40:00,-119.227036,37.203934,1.252
2020-09-07 05:40:00,-119.228157,37.159679,8.269
2020-09-07 05:40:00,-119.23101,37.170158,7.459
2020-09-07 05:40:00,-119.231987,37.197231,2.527
2020-09-07 05:40:00,-119.234375,37.180546,5.116
2020-09-07 05:40:00,-119.235428,37.207596,3.0
2020-09-07 05:40:00,-119.236145,37.218483,10.014
2020-09-07 05:40:00,-119.238426,37.229065,1.516
2020-09-07 05:40:00,-119.240868,37.190372,4.108
2020-09-07 05:40:00,-119.240982,37.23959,2.911
2020-09-07 05:40:00,-119.242958,37.145874,1.554
2020-09-07 05:40:00,-119.24334,37.250149,2.956
2020-09-07 05:40:00,-119.245117,37.156502,4.31
2020-09-07 05:40:00,-119.245872,37.200481,1.822
2020-09-07 05:40:00,-119.245934,37.260662,5.018
2020-09-07 05:40:00,-119.248436,37.166908,5.806
2020-09-07 05:40:00,-119.249962,37.193787,2.127
2020-09-07 05:40:00,-119.252571,37.17717,2.773
2020-09-07 05:40:00,-119.253471,37.204151,1.078
2020-09-07 05:40:00,-119.253487,37.215191,1.239
2020-09-07 05:40:00,-119.25399,37.226124,0.886
2020-09-07 05:40:00,-119.256187,37.236729,1.066
2020-09-07 05:40:00,-119.258125,37.18718,2.792
2020-09-07 05:40:00,-119.259247,37.247166,1.526
2020-09-07 05:40:00,-119.259758,37.142712,1.151
2020-09-07 05:40:00,-119.261635,37.1534,1.4
2020-09-07 05:40:00,-119.26207,37.257648,5.488
2020-09-07 05:40:00,-119.264488,37.163902,2.467
2020-09-07 05:40:00,-119.264702,37.268162,1.23
2020-09-07 05:40:00,-119.266586,37.190601,1.233
2020-09-07 05:40:00,-119.268784,37.174145,1.841
2020-09-07 05:40:00,-119.274071,37.184216,0.975
2020-09-07 05:40:00,-119.276131,37.243999,0.99
2020-09-07 05:40:00,-119.280159,37.254272,0.886
2020-09-07 05:40:00,-119.28125,37.160767,0.748
2020-09-07 05:40:00,-119.281555,37.336262,2.187
2020-09-07 05:40:00,-119.285622,37.346519,1.718
2020-09-07 05:40:00,-119.285774,37.170982,0.719
2020-09-07 05:40:00,-119.289734,37.312672,1.163
2020-09-07 05:40:00,-119.294365,37.366943,1.485
2020-09-07 05:40:00,-119.295509,37.322613,1.718
2020-09-07 05:40:00,-119.295837,37.146973,1.028
2020-09-07 05:40:00,-119.297272,37.377422,1.497
2020-09-07 05:40:00,-119.298775,37.15749,1.752
2020-09-07 05:40:00,-119.298874,37.333012,2.001
2020-09-07 05:40:00,-119.301193,37.168098,0.924
2020-09-07 05:40:00,-119.301941,37.370674,0.833
2020-09-07 05:40:00,-119.302612,37.343346,2.382
2020-09-07 05:40:00,-119.302643,37.112446,0.899
2020-09-07 05:40:00,-119.305779,37.12294,1.636
2020-09-07 05:40:00,-119.307358,37.309338,0.896
2020-09-07 05:40:00,-119.307442,37.353485,1.702
2020-09-07 05:40:00,-119.308746,37.133461,3.025
2020-09-07 05:40:00,-119.309959,37.364044,1.743
2020-09-07 05:40:00,-119.31221,37.14389,1.926
2020-09-07 05:40:00,-119.312515,37.374592,1.069
2020-09-07 05:40:00,-119.313087,37.319298,1.737
2020-09-07 05:40:00,-119.315315,37.098934,2.382
2020-09-07 05:40:00,-119.316406,37.154186,1.617
2020-09-07 05:40:00,-119.316956,37.32962,0.971
2020-09-07 05:40:00,-119.318306,37.164906,1.214
2020-09-07 05:40:00,-119.318359,37.109455,5.28
2020-09-07 05:40:00,-119.319023,37.378464,1.078
2020-09-07 05:40:00,-119.320229,37.340054,1.699
2020-09-07 05:40:00,-119.32093,37.120064,15.368
2020-09-07 05:40:00,-119.322601,37.350651,1.362
2020-09-07 05:40:00,-119.324165,37.130543,5.236
2020-09-07 05:40:00,-119.325516,37.092514,3.255
2020-09-07 05:40:00,-119.328392,37.140842,2.197
2020-09-07 05:40:00,-119.328697,37.085262,1.324
2020-09-07 05:40:00,-119.330795,37.178299,1.68
2020-09-07 05:40:00,-119.332802,37.151112,1.686
2020-09-07 05:40:00,-119.332832,37.095577,11.333
2020-09-07 05:40:00,-119.333832,37.375641,1.012
2020-09-07 05:40:00,-119.334969,37.106285,41.335
2020-09-07 05:40:00,-119.33699,37.188198,0.845
2020-09-07 05:40:00,-119.337402,37.16135,1.434
2020-09-07 05:40:00,-119.337799,37.116859,13.069
2020-09-07 05:40:00,-119.33828,37.079029,0.981
2020-09-07 05:40:00,-119.340752,37.171822,3.368
2020-09-07 05:40:00,-119.340942,37.19854,0.858
2020-09-07 05:40:00,-119.342369,37.127102,3.497
2020-09-07 05:40:00,-119.343102,37.089256,2.442
2020-09-07 05:40:00,-119.343567,37.209145,0.836
2020-09-07 05:40:00,-119.345917,37.081944,1.441
2020-09-07 05:40:00,-119.346115,37.219757,0.767
2020-09-07 05:40:00,-119.346291,37.181904,1.179
2020-09-07 05:40:00,-119.347023,37.137333,2.011
2020-09-07 05:40:00,-119.348373,37.230423,0.741
2020-09-07 05:40:00,-119.349335,37.148006,1.567
2020-09-07 05:40:00,-119.349792,37.174633,6.908
2020-09-07 05:40:00,-119.350471,37.092194,4.615
2020-09-07 05:40:00,-119.350685,37.241077,0.804
2020-09-07 05:40:00,-119.35273,37.251774,0.779
2020-09-07 05:40:00,-119.353325,37.289539,0.811
2020-09-07 05:40:00,-119.353645,37.102715,65.139
2020-09-07 05:40:00,-119.35466,37.158123,1.995
2020-09-07 05:40:00,-119.354721,37.184795,1.293
2020-09-07 05:40:00,-119.35553,37.300201,0.811
2020-09-07 05:40:00,-119.355537,37.262329,0.789
2020-09-07 05:40:00,-119.355782,37.195717,1.009
2020-09-07 05:40:00,-119.356155,37.075706,0.924
2020-09-07 05:40:00,-119.357376,37.310928,0.858
2020-09-07 05:40:00,-119.357956,37.113022,22.536
2020-09-07 05:40:00,-119.358513,37.206306,1.003
2020-09-07 05:40:00,-119.359016,37.272762,0.763
2020-09-07 05:40:00,-119.360619,37.21701,0.915
2020-09-07 05:40:00,-119.360695,37.168125,16.971
2020-09-07 05:40:00,-119.360825,37.321354,2.02
2020-09-07 05:40:00,-119.36084,37.085972,1.488
2020-09-07 05:40:00,-119.361938,37.123394,12.836
2020-09-07 05:40:00,-119.361969,37.265709,1.012
2020-09-07 05:40:00,-119.363098,37.227646,0.943
2020-09-07 05:40:00,-119.363396,37.178734,3.072
2020-09-07 05:40:00,-119.364075,37.078438,1.066
2020-09-07 05:40:00,-119.364281,37.331776,1.019
2020-09-07 05:40:00,-119.365173,37.276192,0.864
2020-09-07 05:40:00,-119.365677,37.13382,9.588
2020-09-07 05:40:00,-119.366402,37.238121,1.289
2020-09-07 05:40:00,-119.367584,37.342228,1.463
2020-09-07 05:40:00,-119.367783,37.171165,10.612
2020-09-07 05:40:00,-119.368149,37.088799,1.781
2020-09-07 05:40:00,-119.36879,37.248768,1.047
2020-09-07 05:40:00,-119.368805,37.286591,0.981
2020-09-07 05:40:00,-119.369087,37.144302,4.376
2020-09-07 05:40:00,-119.369354,37.181999,1.693
2020-09-07 05:40:00,-119.371002,37.259441,1.075
2020-09-07 05:40:00,-119.371422,37.099316,3.768
2020-09-07 05:40:00,-119.371529,37.192711,1.371
2020-09-07 05:40:00,-119.371986,37.297077,1.063
2020-09-07 05:40:00,-119.373436,37.270069,1.047
2020-09-07 05:40:00,-119.374382,37.154449,2.011
2020-09-07 05:40:00,-119.37439,37.307713,1.264
2020-09-07 05:40:00,-119.374481,37.20327,1.532
2020-09-07 05:40:00,-119.375237,37.109734,3.985
2020-09-07 05:40:00,-119.376152,37.318462,3.441
2020-09-07 05:40:00,-119.376793,37.213947,1.563
2020-09-07 05:40:00,-119.377129,37.262802,1.374
2020-09-07 05:40:00,-119.377251,37.165039,6.779
2020-09-07 05:40:00,-119.377861,37.224854,1.475
2020-09-07 05:40:00,-119.377861,37.176025,1.699
2020-09-07 05:40:00,-119.378159,37.082756,0.959
2020-09-07 05:40:00,-119.378571,37.329086,2.023
2020-09-07 05:40:00,-119.379005,37.120159,7.214
2020-09-07 05:40:00,-119.379509,37.273453,1.267
2020-09-07 05:40:00,-119.380859,37.235397,1.526
2020-09-07 05:40:00,-119.381195,37.075138,0.782
2020-09-07 05:40:00,-119.382469,37.339436,1.532
2020-09-07 05:40:00,-119.382568,37.130627,5.513
2020-09-07 05:40:00,-119.382767,37.168289,5.409
2020-09-07 05:40:00,-119.38282,37.28392,1.249
2020-09-07 05:40:00,-119.383598,37.245987,1.431
2020-09-07 05:40:00,-119.384125,37.179176,1.642
2020-09-07 05:40:00,-119.384697,37.085621,0.924
2020-09-07 05:40:00,-119.385811,37.376793,1.403
2020-09-07 05:40:00,-119.386078,37.189938,2.316
2020-09-07 05:40:00,-119.386551,37.256535,1.397
2020-09-07 05:40:00,-119.386574,37.349754,1.006
2020-09-07 05:40:00,-119.38665,37.294292,1.397
2020-09-07 05:40:00,-119.387718,37.140804,1.941
2020-09-07 05:40:00,-119.388069,37.096134,1.116
2020-09-07 05:40:00,-119.388718,37.26722,1.63
2020-09-07 05:40:00,-119.389664,37.200382,3.538
2020-09-07 05:40:00,-119.389923,37.304771,3.138
2020-09-07 05:40:00,-119.390358,37.360134,0.924
2020-09-07 05:40:00,-119.391525,37.106628,1.167
2020-09-07 05:40:00,-119.392036,37.151142,1.33
2020-09-07 05:40:00,-119.392258,37.315422,11.966
2020-09-07 05:40:00,-119.392792,37.259792,1.9
2020-09-07 05:40:00,-119.392807,37.210915,4.691
2020-09-07 05:40:00,-119.393242,37.221947,2.858
2020-09-07 05:40:00,-119.393341,37.326302,5.548
2020-09-07 05:40:00,-119.393364,37.162025,10.152
2020-09-07 05:40:00,-119.393539,37.353142,0.921
2020-09-07 05:40:00,-119.393967,37.173027,2.304
2020-09-07 05:40:00,-119.394783,37.270531,2.058
2020-09-07 05:40:00,-119.394913,37.117138,1.1
2020-09-07 05:40:00,-119.395142,37.232704,2.231
2020-09-07 05:40:00,-119.395973,37.336895,1.787
2020-09-07 05:40:00,-119.396988,37.281219,2.307
2020-09-07 05:40:00,-119.397179,37.363537,0.896
2020-09-07 05:40:00,-119.398247,37.127659,1.028
2020-09-07 05:40:00,-119.398346,37.243214,2.064
2020-09-07 05:40:00,-119.400284,37.164906,5.626
2020-09-07 05:40:00,-119.400421,37.291676,2.489
2020-09-07 05:40:00,-119.400513,37.347137,1.085
2020-09-07 05:40:00,-119.400711,37.373955,2.033
2020-09-07 05:40:00,-119.401321,37.175869,3.727
2020-09-07 05:40:00,-119.401764,37.253685,2.253
2020-09-07 05:40:00,-119.402985,37.186703,17.245
2020-09-07 05:40:00,-119.403343,37.137859,1.003
2020-09-07 05:40:00,-119.40358,37.093166,0.899
2020-09-07 05:40:00,-119.403885,37.30212,12.054
2020-09-07 05:40:00,-119.403954,37.357582,0.997
2020-09-07 05:40:00,-119.404449,37.26429,12.889
2020-09-07 05:40:00,-119.405785,37.197311,62.39
2020-09-07 05:40:00,-119.406876,37.103703,0.899
2020-09-07 05:40:00,-119.406982,37.350574,1.025
2020-09-07 05:40:00,-119.407631,37.148212,1.078
2020-09-07 05:40:00,-119.407997,37.25687,3.614
2020-09-07 05:40:00,-119.409859,37.1143,0.93
2020-09-07 05:40:00,-119.410133,37.323147,21.575
2020-09-07 05:40:00,-119.410339,37.267551,40.236
2020-09-07 05:40:00,-119.4104,37.361015,1.012
2020-09-07 05:40:00,-119.410774,37.218636,11.935
2020-09-07 05:40:00,-119.411102,37.158718,2.612
2020-09-07 05:40:00,-119.411629,37.333958,2.464
2020-09-07 05:40:00,-119.411629,37.229599,4.615
2020-09-07 05:40:00,-119.412994,37.278164,33.144
2020-09-07 05:40:00,-119.413132,37.169479,3.233
2020-09-07 05:40:00,-119.413658,37.124744,0.893
2020-09-07 05:40:00,-119.414062,37.240261,5.453
2020-09-07 05:40:00,-119.414207,37.344563,0.864
2020-09-07 05:40:00,-119.414413,37.371346,6.055
2020-09-07 05:40:00,-119.415947,37.288719,6.669
2020-09-07 05:40:00,-119.41703,37.355125,1.318
2020-09-07 05:40:00,-119.417168,37.250801,3.699
2020-09-07 05:40:00,-119.418404,37.161407,1.563
2020-09-07 05:40:00,-119.418541,37.134991,0.937
2020-09-07 05:40:00,-119.41925,37.29921,4.726
2020-09-07 05:40:00,-119.41993,37.172287,2.934
2020-09-07 05:40:00,-119.420326,37.26133,26.23
2020-09-07 05:40:00,-119.420448,37.183361,11.286
2020-09-07 05:40:00,-119.420662,37.347958,0.741
2020-09-07 05:40:00,-119.422188,37.309765,20.816
2020-09-07 05:40:00,-119.422729,37.19408,31.298
2020-09-07 05:40:00,-119.423508,37.145229,0.924
2020-09-07 05:40:00,-119.424049,37.35841,1.393
2020-09-07 05:40:00,-119.424088,37.253773,3.255
2020-09-07 05:40:00,-119.425713,37.320213,4.137
2020-09-07 05:40:00,-119.427292,37.264294,22.845
2020-09-07 05:40:00,-119.427765,37.155602,0.956
2020-09-07 05:40:00,-119.428299,37.368698,1.768
2020-09-07 05:40:00,-119.428688,37.330761,1.126
2020-09-07 05:40:00,-119.429527,37.226231,27.314
2020-09-07 05:40:00,-119.43045,37.274826,8.266
2020-09-07 05:40:00,-119.430939,37.166172,1.163
2020-09-07 05:40:00,-119.431664,37.236965,9.793
2020-09-07 05:40:00,-119.432465,37.352245,1.46
2020-09-07 05:40:00,-119.433205,37.285431,1.9
2020-09-07 05:40:00,-119.434776,37.247517,3.51
2020-09-07 05:40:00,-119.434853,37.15823,1.053
2020-09-07 05:40:00,-119.436134,37.296005,1.535
2020-09-07 05:40:00,-119.437088,37.168987,1.378
2020-09-07 05:40:00,-119.437531,37.180088,2.499
2020-09-07 05:40:00,-119.437828,37.25808,2.974
2020-09-07 05:40:00,-119.438667,37.306648,1.378
2020-09-07 05:40:00,-119.440002,37.190788,3.041
2020-09-07 05:40:00,-119.441185,37.355122,0.978
2020-09-07 05:40:00,-119.441628,37.317211,1.019
2020-09-07 05:40:00,-119.441856,37.25034,3.242
2020-09-07 05:40:00,-119.443069,37.20137,5.507
2020-09-07 05:40:00,-119.444557,37.260975,1.806
2020-09-07 05:40:00,-119.444908,37.327717,0.735
2020-09-07 05:40:00,-119.445023,37.212158,48.828
2020-09-07 05:40:00,-119.446609,37.163242,0.984
2020-09-07 05:40:00,-119.447235,37.27161,1.097
2020-09-06 21:55:00,-119.361946,37.113552,1.891
2020-09-06 21:55:00,-119.423409,37.227661,3.066
2020-09-06 21:55:00,-119.431931,37.234421,2.227
2020-09-06 20:15:00,-119.25164,37.185833,2.168
2020-09-06 20:15:00,-119.332237,37.141361,9.632
2020-09-06 20:15:00,-119.343277,37.143818,4.845
2020-09-06 20:15:00,-119.388,37.12701,7.923
2020-09-06 20:15:00,-119.397141,37.129616,3.326
2020-09-06 09:10:00,-119.211372,37.248055,0.944
2020-09-06 09:10:00,-119.214287,37.252121,1.093
2020-09-06 09:10:00,-119.218292,37.23658,1.218
2020-09-06 09:10:00,-119.220657,37.22094,1.222
2020-09-06 09:10:00,-119.225273,37.189644,1.184
2020-09-06 09:10:00,-119.225571,37.205429,1.225
2020-09-06 09:10:00,-119.232307,37.180679,1.61
2020-09-06 09:10:00,-119.233414,37.212311,1.139
2020-09-06 09:10:00,-119.238838,37.19685,1.222
2020-09-06 09:10:00,-119.239456,37.281017,1.295
2020-09-06 09:10:00,-119.239906,37.296833,1.073
2020-09-06 10:50:00,-119.243401,37.305378,0.934
2020-09-06 09:10:00,-119.243637,37.285316,1.246
2020-09-06 09:10:00,-119.244194,37.369392,0.788
2020-09-06 09:10:00,-119.244743,37.265491,4.113
2020-09-06 10:50:00,-119.24633,37.30542,0.976
2020-09-06 09:10:00,-119.247871,37.301376,0.924
2020-09-06 10:50:00,-119.248039,37.363213,1.01
2020-09-06 09:10:00,-119.248451,37.269798,3.499
2020-09-06 09:10:00,-119.248734,37.249893,3.794
2020-09-06 09:10:00,-119.252945,37.254253,3.891
2020-09-06 09:10:00,-119.253441,37.376648,2.054
2020-09-06 10:50:00,-119.254478,37.36536,1.17
2020-09-06 10:50:00,-119.255043,37.289555,1.021
2020-09-06 09:10:00,-119.255508,37.23859,2.716
2020-09-06 09:10:00,-119.255524,37.345112,0.955
2020-09-06 10:50:00,-119.258049,37.289581,0.958
2020-09-06 10:50:00,-119.260239,37.271965,1.305
2020-09-06 10:50:00,-119.260406,37.348003,1.353
2020-09-06 09:10:00,-119.260857,37.223076,1.374
2020-09-06 10:50:00,-119.26265,37.271847,1.291
2020-09-06 10:50:00,-119.262993,37.347816,1.041
2020-09-06 10:50:00,-119.26561,37.253658,1.478
2020-09-06 10:50:00,-119.267326,37.19706,1.017
2020-09-06 10:50:00,-119.268913,37.216537,1.132
2020-09-06 09:10:00,-119.269173,37.176075,1.867
2020-09-06 10:50:00,-119.269821,37.331593,1.655
2020-09-06 10:50:00,-119.270332,37.235939,1.256
2020-09-06 10:50:00,-119.270973,37.255684,1.215
2020-09-06 10:50:00,-119.272568,37.331425,1.676
2020-09-06 09:10:00,-119.273193,37.207909,1.038
2020-09-06 10:50:00,-119.273849,37.199543,1.34
2020-09-06 10:50:00,-119.275253,37.218903,1.291
2020-09-06 10:50:00,-119.276421,37.238171,1.295
2020-09-06 09:10:00,-119.277138,37.167397,1.17
2020-09-06 09:10:00,-119.277351,37.192303,1.78
2020-09-06 09:10:00,-119.277931,37.21492,0.903
2020-09-06 10:50:00,-119.279655,37.1814,1.437
2020-09-06 10:50:00,-119.279686,37.315308,2.106
2020-09-06 09:10:00,-119.281784,37.183487,2.192
2020-09-06 10:50:00,-119.28244,37.315121,2.137
2020-09-06 10:50:00,-119.285126,37.183563,2.258
2020-09-06 09:10:00,-119.286659,37.199608,1.139
2020-09-06 10:50:00,-119.288254,37.374302,4.494
2020-09-06 10:50:00,-119.291092,37.299458,2.435
2020-09-06 09:10:00,-119.291672,37.340057,2.463
2020-09-06 09:10:00,-119.29332,37.371861,9.355
2020-09-06 10:50:00,-119.293442,37.299122,2.376
2020-09-06 09:10:00,-119.293533,37.28376,1.659
2020-09-06 09:10:00,-119.293716,37.299618,1.79
2020-09-06 09:10:00,-119.294556,37.356056,2.719
2020-09-06 10:50:00,-119.296173,37.281872,2.31
2020-09-06 10:50:00,-119.296501,37.376713,5.039
2020-09-06 10:50:00,-119.297905,37.167999,4.12
2020-09-06 10:50:00,-119.298035,37.281422,2.3
2020-09-06 09:10:00,-119.298996,37.268177,1.978
2020-09-06 09:10:00,-119.299904,37.315804,1.61
2020-09-06 10:50:00,-119.300209,37.263058,2.144
2020-09-06 09:10:00,-119.301132,37.288624,1.756
2020-09-06 09:10:00,-119.301476,37.331753,2.435
2020-09-06 09:10:00,-119.30159,37.347633,2.036
2020-09-06 10:50:00,-119.301697,37.168331,3.243
2020-09-06 09:10:00,-119.302139,37.363541,4.536
2020-09-06 10:50:00,-119.30249,37.15023,1.572
2020-09-06 09:10:00,-119.302589,37.252499,1.551
2020-09-06 10:50:00,-119.302727,37.359482,2.889
2020-09-06 09:10:00,-119.303101,37.304607,1.395
2020-09-06 10:50:00,-119.304596,37.245281,2.879
2020-09-06 10:50:00,-119.304688,37.264671,2.29
2020-09-06 10:50:00,-119.30529,37.150318,1.648
2020-09-06 10:50:00,-119.305969,37.35923,2.414
2020-09-06 09:10:00,-119.307686,37.27314,1.763
2020-09-06 10:50:00,-119.309769,37.208717,3.787
2020-09-06 10:50:00,-119.310059,37.133266,0.847
2020-09-06 10:50:00,-119.310417,37.247272,3.666
2020-09-06 10:50:00,-119.310448,37.342651,1.894
2020-09-06 10:50:00,-119.310509,37.227913,5.136
2020-09-06 09:10:00,-119.311256,37.257473,1.555
2020-09-06 09:10:00,-119.311478,37.241615,1.399
2020-09-06 10:50:00,-119.313019,37.342216,1.919
2020-09-06 09:10:00,-119.313339,37.225849,1.097
2020-09-06 09:10:00,-119.313416,37.178272,11.439
2020-09-06 10:50:00,-119.314285,37.133728,0.788
2020-09-06 10:50:00,-119.315506,37.229691,7.005
2020-09-06 10:50:00,-119.316612,37.211048,4.047
2020-09-06 10:50:00,-119.317535,37.325657,2.785
2020-09-06 10:50:00,-119.319466,37.192375,10.118
2020-09-06 10:50:00,-119.3209,37.325428,2.927
2020-09-06 09:10:00,-119.321251,37.194523,6.429
2020-09-06 09:10:00,-119.322334,37.210449,2.657
2020-09-06 09:10:00,-119.323685,37.169964,4.078
2020-09-06 09:10:00,-119.326813,37.186016,14.022
2020-09-06 10:50:00,-119.327179,37.19492,12.697
2020-09-06 10:50:00,-119.328712,37.309776,6.339
2020-09-06 09:10:00,-119.328857,37.373638,4.969
2020-09-06 09:10:00,-119.329849,37.21796,1.645
2020-09-06 09:10:00,-119.331238,37.202156,8.183
2020-09-06 10:50:00,-119.331436,37.309345,6.443
2020-09-06 10:50:00,-119.331871,37.291702,10.381
2020-09-06 09:10:00,-119.333923,37.357983,2.321
2020-09-06 10:50:00,-119.334923,37.291386,10.326
2020-09-06 09:10:00,-119.335266,37.342144,1.648
2020-09-06 10:50:00,-119.336876,37.17857,13.214
2020-09-06 09:10:00,-119.339241,37.365582,2.397
2020-09-06 10:50:00,-119.339294,37.178333,9.57
2020-09-06 09:10:00,-119.341774,37.349808,1.575
2020-09-06 09:10:00,-119.342148,37.333916,3.007
2020-09-06 09:10:00,-119.342628,37.318035,13.45
2020-09-06 10:50:00,-119.342796,37.161201,2.158
2020-09-06 09:10:00,-119.342972,37.302143,22.97
2020-09-06 10:50:00,-119.343773,37.27486,6.436
2020-09-06 10:50:00,-119.345596,37.161072,2.189
2020-09-06 09:10:00,-119.345978,37.254585,7.545
2020-09-06 09:10:00,-119.346001,37.286392,7.382
2020-09-06 09:10:00,-119.346443,37.270512,38.276
2020-09-06 09:10:00,-119.346741,37.307121,22.592
2020-09-06 09:10:00,-119.348999,37.29134,11.518
2020-09-06 09:10:00,-119.349251,37.259533,22.082
2020-09-06 09:10:00,-119.350647,37.27552,30.035
2020-09-06 10:50:00,-119.352539,37.144871,0.875
2020-09-06 09:10:00,-119.352821,37.24382,5.399
2020-09-06 10:50:00,-119.353455,37.277584,4.248
2020-09-06 10:50:00,-119.354958,37.258968,5.774
2020-09-06 10:50:00,-119.35498,37.144623,0.84
2020-09-06 09:10:00,-119.355293,37.228046,5.479
2020-09-06 10:50:00,-119.356392,37.373985,1.61
2020-09-06 09:10:00,-119.3582,37.212288,4.911
2020-09-06 10:50:00,-119.359512,37.373379,1.943
2020-09-06 10:50:00,-119.359947,37.241409,9.22
2020-09-06 09:10:00,-119.361031,37.196526,14.32
2020-09-06 10:50:00,-119.36248,37.356777,1.842
2020-09-06 09:10:00,-119.362923,37.18071,5.587
2020-09-06 09:10:00,-119.362968,37.219845,4.144
2020-09-06 10:50:00,-119.364281,37.261574,4.931
2020-09-06 09:10:00,-119.366539,37.16497,1.045
2020-09-06 10:50:00,-119.367073,37.356567,1.891
2020-09-06 09:10:00,-119.36721,37.204178,8.8
2020-09-06 10:50:00,-119.367561,37.243584,7.351
2020-09-06 10:50:00,-119.367844,37.224636,3.655
2020-09-06 09:10:00,-119.367905,37.343708,8.679
2020-09-06 09:10:00,-119.369102,37.375633,3.565
2020-09-06 09:10:00,-119.369568,37.188396,6.866
2020-09-06 10:50:00,-119.369743,37.206215,12.704
2020-09-06 09:10:00,-119.370453,37.35976,3.222
2020-09-06 09:10:00,-119.372925,37.172665,1.53
2020-09-06 09:10:00,-119.373451,37.335564,13.349
2020-09-06 09:10:00,-119.37381,37.319645,53.243
2020-09-06 09:10:00,-119.376213,37.351654,9.993
2020-09-06 09:10:00,-119.377327,37.367664,3.929
2020-09-06 09:10:00,-119.378189,37.272068,24.301
2020-09-06 09:10:00,-119.378365,37.303944,23.129
2020-09-06 10:50:00,-119.378418,37.227592,2.834
2020-09-06 09:10:00,-119.378777,37.288029,4.314
2020-09-06 10:50:00,-119.379021,37.342407,3.201
2020-09-06 10:50:00,-119.379875,37.209103,9.32
2020-09-06 09:10:00,-119.381195,37.256279,3.929
2020-09-06 09:10:00,-119.381638,37.309093,30.358
2020-09-06 09:10:00,-119.381638,37.277206,11.882
2020-09-06 09:10:00,-119.383034,37.293228,4.734
2020-09-06 09:10:00,-119.384102,37.261406,8.44
2020-09-06 10:50:00,-119.384224,37.342281,3.139
2020-09-06 09:10:00,-119.386246,37.245586,1.475
2020-09-06 10:50:00,-119.386406,37.191959,5.937
2020-09-06 09:10:00,-119.386642,37.229671,1.835
2020-09-06 10:50:00,-119.389687,37.191658,4.144
2020-09-06 10:50:00,-119.389969,37.174011,1.145
2020-09-06 10:50:00,-119.392227,37.327156,5.164
2020-09-06 10:50:00,-119.392632,37.173573,1.111
2020-09-06 10:50:00,-119.393173,37.308556,5.777
2020-09-06 09:10:00,-119.394096,37.214119,1.249
2020-09-06 10:50:00,-119.395691,37.326519,4.768
2020-09-06 09:10:00,-119.396301,37.198288,1.627
2020-09-06 09:10:00,-119.397125,37.221783,1.236
2020-09-06 10:50:00,-119.398315,37.308411,4.917
2020-09-06 09:10:00,-119.399918,37.345234,25.74
2020-09-06 09:10:00,-119.39994,37.182522,1.201
2020-09-06 09:10:00,-119.402054,37.361294,6.734
2020-09-06 09:10:00,-119.403816,37.37735,7.979
2020-09-06 09:10:00,-119.403862,37.20623,1.301
2020-09-06 09:10:00,-119.405357,37.190361,1.295
2020-09-06 09:10:00,-119.40538,37.337234,12.753
2020-09-06 09:10:00,-119.406319,37.353252,14.035
2020-09-06 10:50:00,-119.408775,37.292393,1.353
2020-09-06 09:10:00,-119.408875,37.36937,7.095
2020-09-06 09:10:00,-119.409943,37.321507,5.677
2020-09-06 09:10:00,-119.411026,37.305595,3.441
2020-09-06 09:10:00,-119.411293,37.289646,1.919
2020-09-06 09:10:00,-119.413483,37.273788,1.444
2020-09-06 09:10:00,-119.415131,37.31097,3.257
2020-09-06 10:50:00,-119.415474,37.275368,0.989
2020-09-06 09:10:00,-119.416,37.295048,2.13
2020-09-06 09:10:00,-119.416664,37.257977,1.26
2020-09-06 10:50:00,-119.417122,37.294353,1.038
2020-09-06 09:10:00,-119.417892,37.279182,1.471
2020-09-06 10:50:00,-119.42057,37.257912,1.132
2020-09-06 09:10:00,-119.420906,37.263378,1.17
2020-09-06 09:10:00,-119.423332,37.247536,1.035
2020-09-06 10:50:00,-119.426628,37.22184,0.882
2020-09-06 10:50:00,-119.426643,37.240711,1.444
2020-09-06 10:50:00,-119.427612,37.374405,0.986
2020-09-06 10:50:00,-119.428116,37.259686,1.211
2020-09-06 10:50:00,-119.432571,37.373875,0.896
2020-09-06 10:50:00,-119.433235,37.242245,1.26
2020-09-06 09:10:00,-119.435104,37.362888,2.692
2020-09-06 09:10:00,-119.435379,37.346909,3.649
2020-09-06 09:10:00,-119.440147,37.200462,0.924
2020-09-06 09:10:00,-119.444046,37.355259,2.397
2020-09-06 09:10:00,-119.444199,37.371273,2.002
2020-09-06 09:10:00,-119.446709,37.339394,2.411
2020-09-06 06:35:00,-119.223946,37.222401,1.334
2020-09-06 06:35:00,-119.226204,37.236076,1.393
2020-09-06 06:35:00,-119.227486,37.215149,1.466
2020-09-06 06:35:00,-119.230843,37.22876,1.863
2020-09-06 06:35:00,-119.234108,37.242374,3.075
2020-09-06 06:35:00,-119.237724,37.255959,3.954
2020-09-06 06:35:00,-119.241096,37.269554,1.154
2020-09-06 06:35:00,-119.242493,37.193424,2.055
2020-09-06 06:35:00,-119.243759,37.207161,3.034
2020-09-06 06:35:00,-119.24678,37.200047,3.245
2020-09-06 06:35:00,-119.251717,37.220383,3.327
2020-09-06 06:35:00,-119.25209,37.289818,1.365
2020-09-06 06:35:00,-119.252792,37.213474,3.409
2020-09-06 06:35:00,-119.256416,37.233845,5.784
2020-09-06 06:35:00,-119.259903,37.22681,2.7
2020-09-06 06:35:00,-119.263268,37.240391,6.814
2020-09-06 06:35:00,-119.265129,37.25407,10.832
2020-09-06 06:35:00,-119.267128,37.267742,3.67
2020-09-06 06:35:00,-119.267143,37.191685,2.089
2020-09-06 06:35:00,-119.269249,37.343975,0.949
2020-09-06 06:35:00,-119.269859,37.371601,1.1
2020-09-06 06:35:00,-119.26989,37.205292,1.337
2020-09-06 06:35:00,-119.270042,37.295158,2.02
2020-09-06 06:35:00,-119.270401,37.357727,0.946
2020-09-06 06:35:00,-119.270462,37.281311,1.91
2020-09-06 06:35:00,-119.270851,37.177605,3.447
2020-09-06 06:35:00,-119.272194,37.198383,1.819
2020-09-06 06:35:00,-119.274307,37.378124,1.614
2020-09-06 06:35:00,-119.274399,37.302166,1.34
2020-09-06 06:35:00,-119.275757,37.288273,1.866
2020-09-06 06:35:00,-119.275986,37.218632,1.201
2020-09-06 06:35:00,-119.278358,37.211777,0.981
2020-09-06 06:35:00,-119.280899,37.232056,1.677
2020-09-06 06:35:00,-119.283226,37.225243,1.06
2020-09-06 06:35:00,-119.28614,37.238838,1.586
2020-09-06 06:35:00,-119.287209,37.252556,1.762
2020-09-06 06:35:00,-119.288223,37.266281,1.34
2020-09-06 06:35:00,-119.288269,37.321514,1.46
2020-09-06 06:35:00,-119.291084,37.279873,1.129
2020-09-06 06:35:00,-119.291489,37.307449,1.96
2020-09-06 06:35:00,-119.292015,37.293602,1.324
2020-09-06 06:35:00,-119.293198,37.356148,2.143
2020-09-06 06:35:00,-119.293861,37.32848,1.299
2020-09-06 06:35:00,-119.293861,37.189785,1.034
2020-09-06 06:35:00,-119.294319,37.203541,0.871
2020-09-06 06:35:00,-119.294594,37.369865,8.892
2020-09-06 06:35:00,-119.295181,37.314587,2.94
2020-09-06 06:35:00,-119.295357,37.342182,3.091
2020-09-06 06:35:00,-119.296555,37.286907,1.097
2020-09-06 06:35:00,-119.297081,37.300663,1.192
2020-09-06 06:35:00,-119.297493,37.161953,1.148
2020-09-06 06:35:00,-119.298088,37.217045,0.877
2020-09-06 06:35:00,-119.298111,37.196682,1.601
2020-09-06 06:35:00,-119.299019,37.175621,2.666
2020-09-06 06:35:00,-119.300606,37.210297,0.93
2020-09-06 06:35:00,-119.301109,37.376377,7.692
2020-09-06 06:35:00,-119.302719,37.230473,0.987
2020-09-06 06:35:00,-119.305252,37.223763,0.877
2020-09-06 06:35:00,-119.307098,37.251194,0.937
2020-09-06 06:35:00,-119.307289,37.2374,1.0
2020-09-06 06:35:00,-119.308304,37.264893,0.934
2020-09-06 06:35:00,-119.310265,37.278538,0.905
2020-09-06 06:35:00,-119.311905,37.319794,3.365
2020-09-06 06:35:00,-119.312149,37.292183,1.053
2020-09-06 06:35:00,-119.313911,37.30584,1.781
2020-09-06 06:35:00,-119.316223,37.28561,1.214
2020-09-06 06:35:00,-119.31794,37.326839,1.781
2020-09-06 06:35:00,-119.318001,37.299271,1.141
2020-09-06 06:35:00,-119.318275,37.201824,1.97
2020-09-06 06:35:00,-119.31839,37.313026,2.789
2020-09-06 06:35:00,-119.319679,37.340508,2.94
2020-09-06 06:35:00,-119.319702,37.215492,1.315
2020-09-06 06:35:00,-119.321442,37.187817,5.289
2020-09-06 06:35:00,-119.321915,37.354137,3.985
2020-09-06 06:35:00,-119.323509,37.22897,0.971
2020-09-06 06:35:00,-119.32373,37.208752,3.478
2020-09-06 06:35:00,-119.324448,37.173832,8.514
2020-09-06 06:35:00,-119.324532,37.194939,2.282
2020-09-06 06:35:00,-119.325768,37.367645,13.784
2020-09-06 06:35:00,-119.326622,37.222317,1.296
2020-09-06 06:35:00,-119.329193,37.235905,1.151
2020-09-06 06:35:00,-119.333199,37.249382,1.324
2020-09-06 06:35:00,-119.333374,37.374275,3.129
2020-09-06 06:35:00,-119.333817,37.276871,2.25
2020-09-06 06:35:00,-119.334343,37.263065,1.963
2020-09-06 06:35:00,-119.337303,37.290379,1.935
2020-09-06 06:35:00,-119.33963,37.30397,4.149
2020-09-06 06:35:00,-119.340431,37.31768,6.237
2020-09-06 06:35:00,-119.343437,37.283821,1.636
2020-09-06 06:35:00,-119.344353,37.186188,7.182
2020-09-06 06:35:00,-119.345802,37.172337,2.3
2020-09-06 06:35:00,-119.346741,37.297356,3.803
2020-09-06 06:35:00,-119.347252,37.199718,17.04
2020-09-06 06:35:00,-119.34935,37.213306,9.381
2020-09-06 06:35:00,-119.350311,37.310867,7.447
2020-09-06 06:35:00,-119.350769,37.324589,6.326
2020-09-06 06:35:00,-119.351303,37.193169,3.374
2020-09-06 06:35:00,-119.352234,37.352001,2.757
2020-09-06 06:35:00,-119.352463,37.338223,3.34
2020-09-06 06:35:00,-119.352707,37.226791,2.962
2020-09-06 06:35:00,-119.353302,37.365685,1.856
2020-09-06 06:35:00,-119.35437,37.206699,17.752
2020-09-06 06:35:00,-119.358124,37.220177,8.281
2020-09-06 06:35:00,-119.359985,37.372528,2.59
2020-09-06 06:35:00,-119.360847,37.233719,2.389
2020-09-06 06:35:00,-119.36396,37.247231,5.1
2020-09-06 06:35:00,-119.367447,37.260712,4.987
2020-09-06 06:35:00,-119.369331,37.274303,5.598
2020-09-06 06:35:00,-119.369354,37.28804,2.357
2020-09-06 06:35:00,-119.370987,37.301655,4.31
2020-09-06 06:35:00,-119.375168,37.315063,8.552
2020-09-06 06:35:00,-119.377518,37.295296,2.313
2020-09-06 06:35:00,-119.377625,37.28157,1.201
2020-09-06 06:35:00,-119.377708,37.197491,2.934
2020-09-06 06:35:00,-119.379608,37.211063,3.23
2020-09-06 06:35:00,-119.379776,37.308865,4.275
2020-09-06 06:35:00,-119.383759,37.363503,6.212
2020-09-06 06:35:00,-119.3843,37.204685,1.163
2020-09-06 06:35:00,-119.384598,37.349705,7.409
2020-09-06 06:35:00,-119.384712,37.377167,9.869
2020-09-06 06:35:00,-119.384743,37.322243,5.699
2020-09-06 06:35:00,-119.386581,37.224228,1.677
2020-09-06 06:35:00,-119.387177,37.335793,5.015
2020-09-06 06:35:00,-119.389206,37.218056,1.63
2020-09-06 06:35:00,-119.390572,37.370514,10.738
2020-09-06 06:35:00,-119.419411,37.374622,10.952
2020-09-06 06:35:00,-119.421432,37.347073,3.022
2020-09-06 06:35:00,-119.421555,37.360756,7.535
2020-09-06 06:35:00,-119.426582,37.2565,1.003
2020-09-06 06:35:00,-119.426987,37.368114,8.001
2020-09-06 06:35:00,-119.447563,37.24136,0.987
2020-09-06 06:35:00,-119.447762,37.358875,0.732
2020-09-05 21:10:00,-119.253723,37.184368,3.753
2020-09-05 21:10:00,-119.255173,37.19342,6.845
2020-09-05 21:10:00,-119.257011,37.202423,38.082
2020-09-05 21:10:00,-119.265129,37.182854,87.267
2020-09-05 21:10:00,-119.266487,37.191917,23.802
2020-09-05 21:10:00,-119.268272,37.200924,62.662
2020-09-05 21:10:00,-119.273277,37.163307,2.903
2020-09-05 21:10:00,-119.275307,37.227657,6.575
2020-09-05 21:10:00,-119.276459,37.181351,86.882
2020-09-05 21:10:00,-119.277847,37.190407,8.294
2020-09-05 21:10:00,-119.279549,37.199425,9.567
2020-09-05 21:10:00,-119.286331,37.2262,8.44
2020-09-05 21:10:00,-119.287811,37.17984,10.783
2020-09-05 21:10:00,-119.289169,37.1889,11.969
2020-09-05 21:10:00,-119.290779,37.197929,7.265
2020-09-05 21:10:00,-119.295639,37.160336,3.6
2020-09-05 21:10:00,-119.297279,37.224754,21.205
2020-09-05 21:10:00,-119.299431,37.178291,12.406
2020-09-05 21:10:00,-119.300682,37.187366,13.134
2020-09-05 21:10:00,-119.302017,37.196434,8.287
2020-09-05 21:10:00,-119.30825,37.223301,12.704
2020-09-05 21:10:00,-119.310791,37.176781,26.749
2020-09-05 21:10:00,-119.31205,37.185848,13.911
2020-09-05 21:10:00,-119.313446,37.194908,15.162
2020-09-05 21:10:00,-119.31913,37.221867,7.771
2020-09-05 21:10:00,-119.321938,37.175297,87.527
2020-09-05 21:10:00,-119.323395,37.184338,25.743
2020-09-05 21:10:00,-119.32489,37.193378,23.108
2020-09-05 21:10:00,-119.330078,37.220417,9.719
2020-09-05 21:10:00,-119.332993,37.17382,73.801
2020-09-05 21:10:00,-119.335884,37.191917,17.384
2020-09-05 21:10:00,-119.341591,37.218864,9.424
2020-09-05 21:10:00,-119.345505,37.181393,3.399
2020-09-05 21:10:00,-119.353462,37.217247,11.078
2020-09-05 21:10:00,-119.364891,37.215706,3.454
2020-09-05 21:10:00,-119.448128,37.249771,2.979
2020-09-05 05:50:00,-119.270485,37.194107,4.159
2020-02-26 21:10:00,-119.248589,37.023033,3.784
2020-02-14 20:45:00,-119.290749,37.161682,2.328
2020-02-14 05:30:00,-119.295578,37.169544,0.88
2020-02-14 05:30:00,-119.30043,37.169029,0.716
2020-01-15 20:35:00,-119.386528,37.334412,4.217
2020-01-14 21:30:00,-119.386108,37.331722,1.489
